title,date,content
精選11間新竹懶人露營攻略！豪華下午茶＆自然風景一次滿足,2024年03月27日 17:00,"
撰文攝影／混血珊莎的奇幻旅程、整理／實習記者柯珮萱
想探索新竹露營樂趣嗎？珊莎精選11間優質新竹露營區推薦清單，在這份清單中，將為你精選出最佳的新竹懶人露營地點、新竹露營車等等，與豐富的戶外活動，新竹地區有著令人陶醉的山川風景、多樣的露營場地，還有豐富的生態探險等待著你。
►更多吃喝玩樂大小事，快追隨旅遊雲官方Instagram
新竹懶人露營多少錢？
露營的價格會因露營場地、提供的設施和服務等因素而有所不同。一般而言，平均價格可能在每帳3000至8000元不等，每個露營場地都有不同的價格政策，且價格可能根據季節、平日或假日而有所調整。
蟬說霧語

蟬說集團旗下最高海拔的新竹豪華露營區「蟬說霧語」，於2023年新開幕，除了高品質的新竹懶人露營體驗，霧語更是新竹五峰人氣秘境賞櫻露營區，提供豪華帳篷跟包棟民宿兩種選擇，此外，新竹露營區推薦「蟬說霧語」，還提供各種不同的活動體驗，如櫻花林下午茶、營火烤棉花糖、泰雅族篝火餐食、打獵體驗等等，體驗在地深度旅遊的樂趣，讓你可以充分感受到大自然的美妙和魅力。!
交通：附設停車場，距離竹東火車站，開車約1小時7分鐘即可抵達。
地  址：311新竹縣五峰鄉白蘭315－5號 
電  話：（03）621－0172
蟬說霧繞


2022年新開幕的新竹五峰鄉豪華露營-蟬說霧繞，全包式新竹露營區提供一泊二食含晚餐跟早餐，還有附贈下午茶 ，只要拎著一卡皮箱就能輕鬆入住，俯瞰新竹五峰鄉的山中美景，早晨不時會出現雲海美景，春天來臨更有櫻花樹盛開的景緻，擺脫平時工作繁忙腳步，就來山中住一晚吧。
交通：附設停車場，距離竹東火車站。開車約1小時即可抵達。
地址：新竹縣五峰鄉桃山村白蘭298之3號
電話：（03）6210-120
愛上喜翁

在這片園區裡，各種繽紛的花卉植物在孕育豐富的自然生態，包括櫻花、肖楠、銀杏、楓樹等，使得園區四季都呈現出不同的迷人風采。尤其是每年初春時盛開的700多棵櫻花，或是在11月時秋冬季節逐漸轉紅的楓葉，更是引人注目。
而位於新竹五峰鄉海拔1,180公尺的「愛上喜翁」露營區，坐落於山林之間，得名於原住民的地名，意指「雲霧之上」。這裡被群山環繞，雲霧繚繞，彷彿置身雲端秘境。你可以一泊四食，無需擔心帳篷設置的麻煩。享受高山美味佳餚，探訪杉木林，展開一場家庭共同體驗的森林冒險。

交通：附設停車場，距離竹東火車站，開車約1小時8分鐘即可抵達。
地址：311新竹縣五峰鄉竹林村4鄰忠興93號 
電話：（09）3329－0500
尖石之美露營渡假村


在這片寧靜的山林中，您將被群山所環繞，小溪悠悠流淌，魚蝦在水中嬉戲，還有刺激的生存遊戲槍戰場、豐富的兒童遊樂器材，以及有趣的扭扭車賽道等等。此外，還有超大冰涼的山泉水戲水池，鄰近更有尖石超大的籃球場，等著您上山體驗野外樂趣。
提供四人份的床墊和枕頭（請自備棉被或睡袋），每車配備乙組戶外木桌椅，營區內提供公用冰箱，也可租借露營帳篷及相關設備。此外，營區內的販賣部提供烤肉及火鍋餐的代訂服務。附近景點有內灣老街、薰衣草森林、數碼天空景觀餐廳以及天空廊道。快來體驗一場別開生面的露營之旅吧！
交通：附設停車場，距離富貴火車站，開車約19分鐘即可抵達。
地  址：313新竹縣尖石鄉1之1號 
電  話：（09）1281－0099
 
尖石夢田營區


坐落於新竹縣尖石鄉的山區寶座，身處其中彷彿與大自然親密接觸，輕鬆欣賞到眼前的宏偉山川景緻。山勢間時而飄渺的輕雲繚繞，讓人彷彿置身仙境。對於露營新手而言，尖石夢田景觀露營區是絕佳的首選。也可選擇加購美味的烤肉晚餐和早餐，就算手上一無所有，也能滿足您的胃口。快來尋找屬於您的夢幻露營體驗吧！
交通：附設停車場，距離富貴火車站，開車約14分鐘即可抵達。
地址：313新竹縣尖石鄉村5鄰270－5號
電話：（09）2800－6345
悠野’s露營區

22022 年中新開幕的悠野’s露營區，坐落在新竹內灣附近，猶如一方隱世仙境，四周被郁郁蔥蔥的山巒包圍。這裡的空氣格外清新，是想要紓解壓力、放鬆心情的度假好去處！這個舒適又奢華的露營地，讓人能夠完全擺脫都市塵囂。
交通：附設停車場，距離富貴火車站，開車約23分鐘即可抵達。
地址：313新竹縣尖石鄉123號
飛鳥恰恰



坐落在海拔近千米的幽靜溪谷，四周環繞著蔥翠的群山，這裡的生態豐富而原始。沉浸在這片風景之中，隨著季節變換感受大地的祝福，與自然的能量融為一體。提供全台唯一最高品質、原汁原味的露營體驗，結合專業的露營裝備和豐富的活動行程，讓你在體驗的過程中與大自然深度互動。
彩繪天空帳篷作為臨時住所，擁有頂級的歡樂時光充氣床，坐在焚火台前享受美味的燒烤晚宴，真實感受春夏秋冬的移步，讓露營成為一種融入大自然的奢華享受。全台唯一最高品質的露營體驗，一泊三食包含精緻的野遊下午茶套餐、豪華BBQ晚餐和清新的晨光早餐，享受在這獨特自然環境中最清幽的露營時光。
房型價格：雙人床新台幣9800 起 
交通：附設停車場，距離富貴火車站，開車約32分鐘即可抵達。
地址：311新竹縣五峰鄉花園村
樂窩露營區

特別保留寬廣的草皮供小朋友奔跑遊戲。我們貼心提供新手體驗帳，樂窩的設計偏向中小型露營區，不僅可以盡情享受露營樂趣，還能光臨我們的工業風咖啡館和餐酒館，品嚐美味佳餚。座落於十二寮風景區內，四周環湖，更有登山步道，帶您更貼近大自然。此外，我們還提供季節限定活動，如採橘、賞螢、賞桐花、賞楓、賞星星等。全區面積超過一千坪，共規劃了24個營位，堅持保留大片草地，為的就是給小朋友們更多自由遊玩的空間。
交通：附設停車場，距離竹南火車站，開車約27分鐘即可抵達。
房型價格：雙人床新台幣$5900起
地址：315新竹縣峨眉鄉8－10
電話：（09）0055－4258
拾階莊園

離內灣老街只有4分鐘路程，提供露營車和小木屋的獨特住宿體驗。車內和小木屋皆裝有冷氣，提供寢具和備品，戶外配有桌椅供您使用。也提供烤肉用食材代訂和烤爐租借服務。莊園內的住宿分為一到十階，共有10個區域，適合小包區提供獨享的自在空間。
房型包括雙人、四人、六人和八人，每個小木屋和露營車前都設有洗水槽和桌椅，讓您方便自備食材和鍋具煮食，或者漫步至內灣老街品嚐當地美食。園區內有一處木屋鞦韆溜滑梯組，同時提供冰箱和飲水機。衛浴方面，除了部分露營車使用公共衛浴外，其他房型均擁有私人衛浴。
交通：附設停車場，距離富貴火車站，開車約5分鐘即可抵達。
地址：台灣新竹縣橫山鄉內灣村內灣38－1
電話：（09）0617－7717
觀星賞月營

位於群山環繞的馬胎部落，地處制高點，沿著義梅道路前行即可到達。這片風景優美的隱世寶地，擁有北台灣絕佳的視野，夜晚更呈現迷人夜景，堪比日本函館的美景。氣候宜人，無論是欣賞日出、夕陽，或是賞雲海，都是極力推薦的好去處。營地提供寬敞且舒適的營區，擁有加大的空間，方便您安排更多有趣的活動。
園內貼心的設施包括休憩區、烤肉區、兒童嬉戲區以及住房區，歡迎邀請長輩們一同體驗大自然的呼吸，沐浴在芬多精的健康氛圍中。夜晚仰望明月，欣賞星空的美景，實在是一大享受！
交通：附設停車場，距離富貴火車站，開車約23分鐘即可抵達。
房型價格：雙人床新台幣$2200 起
地址：新竹縣尖石鄉義興村九鄰馬胎部落168－5號 
電話：（09）3699－7255
百崴露營區

2023年將全新開放的景觀度假屋區域，帶來別出心裁的設計。戶外帳篷都以帆船形狀為主打外觀。屋體自身採用客製化超大落地玻璃，搭配專屬的超大景觀平台，強調私密隱密感，特別考慮到有些人喜歡獨享空間的感覺。在屋內，您可以舒適地欣賞壯麗的山景，遠離都市的繁囂，體驗別樣的生活享受。
清潔的寢具和乾溼分離的衛浴設備，為賓客提供舒適且方便的居住環境。此外，屋內還設有沙發區域，供賓客休息放鬆。浴室提供足夠的洗浴用品，洗臉盆的大小也讓使用時更加方便。當然，分離式冷暖氣系統也確保在屋內的每一刻都感到舒適宜人。

交通：附設停車場，距離合興火車站，開車約5分鐘即可抵達。
房型價格：雙人床新台幣$10000起
地址：312新竹縣橫山鄉中豐路三段155號
電話：（09）3711－8508
嗨～我是珊莎，本身是模特兒跟部落客
一年達成60間住宿開箱分享
專職旅遊美食部落客
歡迎來看珊莎的奇幻旅程、粉絲團、IG
【你可能也想看】
►國際婦女節！新北女力綻放藝術饗宴3／8～3／10新北市民廣場登場
►南投秘境開箱！預約制私人美術館藏身山巒、免費開放參觀
►限時3天！「全民通通388元」爽玩樂園　3月壽星只要99元"
