露營場名稱,地址,標題
天景露營區,新竹縣五峰鄉花園村10鄰天湖205號,【露營趣】新竹.天景露營區 ★油羅山登步道、櫻花林露營區 NO.307
天湖露營區,新竹縣五峰鄉花園村10鄰天湖218-11號,【露營趣】新竹.天湖露營區 ★星空、雲海、夜景、夕陽、日出一次收錄 NO.243
天湖露營區,新竹縣五峰鄉花園村天湖218-11號,【露營趣】新竹.天湖露營區 ★每區都獨具特色的營地，賞星、賞夜景、觀日出 NO.101
漫步天湖,新竹縣五峰鄉219之31號 ,【露營趣】新竹.天湖露營區 ★每區都獨具特色的營地，賞星、賞夜景、觀日出 NO.101
天湖農園,新竹縣尖石鄉8鄰227號 ,【露營趣】新竹.天湖露營區 ★每區都獨具特色的營地，賞星、賞夜景、觀日出 NO.101
天湖秘境,新竹縣五峰鄉花園村 ,【露營趣】新竹.天湖露營區 ★每區都獨具特色的營地，賞星、賞夜景、觀日出 NO.101
天湖第一家,新竹縣五峰鄉10 鄰 219-11 號,【露營趣】新竹.天湖露營區 ★每區都獨具特色的營地，賞星、賞夜景、觀日出 NO.101
四季露營區,新竹縣五峰鄉桃山村(隘蘭聯絡道路)18鄰305-1號(位於白蘭部落竹67鄉道12公里處),【露營趣】新竹.四季 ★優質的營主、美麗的四季、大人小孩都滿足的露營區、順訪白蘭溪古道 NO.64
仙境露營區,新竹縣尖石鄉錦屏村6鄰吹上39-2號,【露營趣】新竹.仙境露營區 ★適合親子互動的營地、提供民宿和大雨棚、愛自己多一點優雅露營去 NO.103
小夫妻露營區,新竹縣尖石鄉錦屏村吹上39之1,【露營趣】新竹.仙境露營區 ★適合親子互動的營地、提供民宿和大雨棚、愛自己多一點優雅露營去 NO.103
杉嵐營地,新竹縣五峰鄉竹林村1鄰羅山23之2號,【露營趣】新竹.杉嵐露營區 ★森林系露營區、高海拔營地、舒心愜意的環境 NO.264
舞蜜露營區,新竹縣五峰鄉竹林村 ,【露營趣】新竹.杉嵐露營區 ★森林系露營區、高海拔營地、舒心愜意的環境 NO.264
有愛一家露營區,新竹縣五峰鄉一鄰23-5號 ,【露營趣】新竹.杉嵐露營區 ★森林系露營區、高海拔營地、舒心愜意的環境 NO.264
河岸營地,經台68縣→尖石往宇老鐵馬驛站→竹60約22.3公里處左轉(往玉峰)方向接竹60-1至玉峰國小前即達。(導航搜詢：尖石鄉玉峰國小)。,【露營趣】新竹.河岸營地 *順訪美樹營地、探訪秀巒部落野溪溫泉 NO:27
美樹營地,宇老觀景台附近,【露營趣】新竹.河岸營地 *順訪美樹營地、探訪秀巒部落野溪溫泉 NO:27
哈娜露營區,新竹縣五峰鄉竹林村5鄰和平163號,【露營趣】新竹. 哈娜露營區 ★小巧用心的露營區、順訪鬼澤山 NO.203
起初露營區,新竹縣尖石鄉梅花村梅花農路,【露營趣】新竹.起初 ★回歸初始、享有芬多精的森林營位、觀日出、避暑之地 NO.47
函館露營區,新竹縣尖石鄉義興村九鄰馬胎107-1號,【露營趣】新竹.函館 ★迷人的百萬夜景 NO.151
馬胎仙境露營區,新竹縣尖石鄉馬胎108-2號 ,【露營趣】新竹.函館 ★迷人的百萬夜景 NO.151
尖石之星,新竹縣尖石鄉 ,【露營趣】新竹.函館 ★迷人的百萬夜景 NO.151
清新忘憂,新竹縣尖石鄉義興村馬胎107-2號 ,【露營趣】新竹.函館 ★迷人的百萬夜景 NO.151
尖石之星一館,新竹縣尖石鄉 ,【露營趣】新竹.函館 ★迷人的百萬夜景 NO.151
美樹,新竹縣尖石鄉玉峰村6鄰20號(玉峰大橋附近),【露營趣】新竹.美樹露營區 ★享受楓林中露營的意境，楓擁而來的攝影師 NO.67
團圓露營區,新竹線尖石鄉新樂村煤源11鄰160之2號,【露營趣】新竹.團圓露營區 ★寬敞舒適的露營環境，乾濕分離衛浴 NO.207
迎風露營區,新竹縣尖石鄉 ,【露營趣】新竹.團圓露營區 ★寬敞舒適的露營環境，乾濕分離衛浴 NO.207
樂窩,新竹縣峨眉鄉湖光村十二寮8之10號,【露營趣】新竹.樂窩露營區 ★適合輕露營和新手露營的營地、露營也要搭上夜店風、陳志超雙峰帳試搭 NO.107
賽夏農場露營區,新竹縣五峰鄉竹林段418之一號,【露營趣】新竹.賽夏農場 ★高海拔露營區、坐擁絕佳景觀 NO.271
蟬說：霧繞,新竹縣五峰鄉桃山村白蘭298之3號,【露營趣】蟬說:霧繞 WOORAO｜新竹豪華露營 GLAMPING，一泊二食，免裝備露營擁抱大自然！ NO.289
尤巴士,新竹縣五峰鄉桃山村 (白蘭部落),【露營趣】新竹.尤巴士 ★與杉林木有約，美好的森林浴，天然又乾淨的營地，看見盟約杉林民宿 NO.123
戈巴倫露營區,新竹縣五峰鄉竹林村和平156號,【露營趣】新竹.戈巴倫 ★森林系露營區、享受山林的寂靜 NO.99
半山腰休閒農園,新竹縣尖石鄉新樂村2鄰往甕碧潭農路(水田部落),【露營趣】新竹.半山腰 ★CP值高的露營區、鄰近甕碧潭瀑布、追螢火蟲與油桐花 NO.201
松木青,新竹縣五峰鄉大隘村14鄰266號,【露營趣】新竹.松木青 ★小巧的森林系露營區、揪團露營去 NO.135
秘花園親子露營區,新竹縣尖石鄉錦屏村12鄰那羅209號,【露營趣】新竹.秘花園親子露營區 ★孩子的玩樂天堂 NO.257
熊麻吉露營區,新竹縣尖石鄉那羅209之七 ,【露營趣】新竹.秘花園親子露營區 ★孩子的玩樂天堂 NO.257
鹿林道露營區,新竹五峰,【露營趣】新竹.鹿林道(四訪) ★櫻花祭大滿開、增加新營位了，近百帳大營地  NO.326
鹿林道營地,新竹五峰鄉大鹿林道3K處,【露營趣】新竹. 鹿林道(三訪) ★浪漫櫻花季，粉色富士櫻炸開 NO.304
鹿林道,新竹縣五峰鄉桃山村大鹿林道3k處,【露營趣】新竹.鹿林道(二訪) ★夏日民謠瘋、雪霸農場繡球花美翻、順訪野馬瞰山步道 NO：89
鹿林道,新竹縣五峰鄉桃山村大鹿林道3k處,【露營趣】新竹.鹿林道 ★山林間的自然教室、超棒竹筒飯DIY、規劃有遊憩設施的營地、順遊檜山巨木群步道NO:84
星空下,新竹縣五峰鄉白蘭部落,【露營趣】新竹.星空下露營區 ★ 美麗的桃山村、將大自然擁入懷 NO.71
梅山頂露營區,新竹縣五峰鄉羅山林道南線24-10 號,【露營趣】新竹.梅山頂露營區 ★高海拔露營區，遠眺群山景緻優美，璀璨夜景入夜登場 NO.176
梅山頂景觀露營區,新竹縣五峰鄉羅山林道南線24-10 號,【露營趣】新竹.梅山頂露營區 ★高海拔露營區，遠眺群山景緻優美，璀璨夜景入夜登場 NO.176
櫻花谷露營區,新竹尖石鄉,【露營趣】新竹.櫻花谷露營區 *五星夢幻營地  NO:03
鳥嘴山,新竹縣五峰鄉桃山村18鄰314號(鳥嘴山登山口旁),【露營趣】新竹.鳥嘴山 ★觀星、爬山、賞景的營地，600元露營區，帶孩子爬山去，順訪張學良故居 NO.91
星空下露營區,新竹縣五峰鄉311之37號 ,【露營趣】新竹.鳥嘴山 ★觀星、爬山、賞景的營地，600元露營區，帶孩子爬山去，順訪張學良故居 NO.91
翡翠園露營區,新竹縣五峰鄉竹林村1鄰羅山24-16號,【露營趣】新竹.翡翠園 ★櫻花、桃花盛開，高海拔露營區 NO.192
露露米露營區,新竹縣五峰鄉竹林村,【露營趣】新竹.露露米 ★天然冷氣放送中，銀河、夜景、山谷雲海 NO.170
大霸雅脈,新竹縣五峰鄉大隘村,【露營趣】新竹.大覇雅脈 ★愛上雲海、適合小包場的營地 NO.109
北得拉曼,新竹縣尖石鄉新樂村15-2號,【露營趣】新竹.北得拉曼-天使之窗 ★五星的自然營地勝過五星的衛浴，樹意盎然、生態導覽、廣闊山景 NO.40
天使之窗,新竹縣尖石鄉新樂村15-2號,【露營趣】新竹.北得拉曼-天使之窗 ★五星的自然營地勝過五星的衛浴，樹意盎然、生態導覽、廣闊山景 NO.40
尖石夢田,新竹縣尖石鄉嘉樂村5鄰270-5號,【露營趣】新竹.尖石夢田 ★視野遼闊的山景、放空ING 、解憂的方式：露營去吧！ NO：86
有愛一家露營區,新竹縣五峰鄉一鄰23-5號,【露營趣】新竹.有愛一家★小而美的露營區、寬闊的視野 NO.250
阿貴營地,新竹縣五峰鄉大隘村23鄰466號,【露營趣】新竹.阿貴營地 ★拜訪山上人家、鵝公髻山森林浴洗禮 NO.46
春文草堂,新竹縣尖石鄉義興村9鄰80-10號,【露營趣】新竹.春文草堂 ★小而巧的用心營地 NO.185
楓櫻杉林,新竹縣五峰鄉花園村9.7K處,【露營趣】新竹.楓櫻杉林 ★享受團露的歡樂氛圍、GO環島去 NO.48
漫步天湖,新竹縣五峰鄉花園村10鄰219之3號,【露營趣】新竹.漫步天湖 ★景總在入夜後帶來驚喜 NO.65
飛鳥恰恰,新竹縣五峰鄉花園村10鄰天湖205-12號,【露營趣】新竹.飛鳥恰恰 ★邁向新式露營風格，免裝備野遊體驗，清涼透徹的溪水 NO.129
清悠忘我露營區,新竹縣尖石鄉新樂村5鄰水田148-3號,【露營趣】新竹.清悠忘我 ★適合小包場的露營區、乾濕分離衛浴、乾淨的露營環境  NO.319
北得拉曼露營區,新竹縣尖石鄉新樂村5鄰上水田150-2號 ,【露營趣】新竹.清悠忘我 ★適合小包場的露營區、乾濕分離衛浴、乾淨的露營環境  NO.319
斑比跳跳渡假村,苗栗縣三灣鄉小北埔27號 ,【露營趣】新竹.斑比跳跳X愛露營野遊 ★五星露營渡假莊園、高質感的舒適豪華露營、獨立衛浴 NO.190
斑比跳跳,苗栗縣三灣鄉小北埔27號 ,【露營趣】新竹.斑比跳跳X愛露營野遊 ★五星露營渡假莊園、高質感的舒適豪華露營、獨立衛浴 NO.190
遇見嵨繞,新竹縣尖石鄉玉峰村宇老1鄰9號,【露營趣】新竹.遇見嵨繞 ★無邊際的山景、別具自然風情的營地、從0開始 NO.100
綠色奇緣,新竹縣五峰鄉5鄰和平166-15號,【露營趣】新竹.綠色奇緣(4訪) ★部落導覽、營火晚會、超推的親子營地 NO.152
綠色奇緣,新竹縣五峰鄉5鄰和平166-15號,【露營趣】新竹.綠色奇緣 ★超激推親子露營區，竹筒飯、弓箭製作、生態導覽 NO.102
綠色奇緣露營區,新竹縣五峰鄉和平部落 (羅平道路指標 1.68K 處),【露營趣】新竹.綠色奇緣 ★最美的風景是營主、頭次二訪的營地、拜訪螢火蟲 NO.39
綠色奇緣,新竹縣五峰鄉和平部落 (羅平道路指標 1.68K 處),【露營趣】新竹.綠色奇緣  *製作竹筒飯、免費生態導覽、泳池…超值的露營區 NO:23
緣溪森活露營區,新竹縣橫山鄉南昌村24號,【露營趣】新竹.緣溪森活 ★視野遼闊、精緻漂亮的露營區  NO.327
營墅風晴露營區,新竹縣關西鎮錦山里9鄰96號,【露營趣】新竹.營墅風晴 ★端午節不畏風雨露營去、翠綠草地、可玩水的營地  NO.42
愛上喜翁豪華露營,新竹縣五峰鄉竹林村4鄰忠興93號,【露營趣】新竹.愛上喜翁 Glamping ★高級帳篷免裝備露營、一泊四食、最高海拔豪華露營、櫻花初開的浪漫 NO.222
蟬說：霧繞,新竹縣五峰鄉桃山村白蘭298之3號,【露營趣】蟬說:霧繞 WOORAO｜新竹豪華露營 GLAMPING，一泊二食，免裝備露營擁抱大自然！ NO.289
英桃の天闊營地,新竹縣五峰鄉梅山山頂 (順著翡述景園指標前進),【露營趣】新竹.英桃の天闊 ★尋覓舒心的露營環境、遙望天寬地闊的視野 NO.63
天闊營地,新竹縣五峰鄉梅山山頂 (順著翡述景園指標前進),【露營趣】新竹.英桃の天闊 ★尋覓舒心的露營環境、遙望天寬地闊的視野 NO.63
賽夏農場露營區,新竹縣五峰鄉竹林段418之一號,【露營趣】新竹.賽夏農場 ★高海拔露營區、坐擁絕佳景觀 NO.271
尖石之星一館,新竹縣尖石鄉 ,【露營趣】新竹.尖石之星一館 ★天涼好個秋，賞日出、夕陽、夜景的營地 NO.60
舊部落露營地,新竹尖石鄉司馬庫斯舊部落,【露營趣】新竹.司馬庫斯舊部落 ★探訪上帝的部落，無電露營區，走訪巨木群 NO.134
達宴露營,前往司馬庫斯舊部落路上,【露營趣】新竹.司馬庫斯舊部落 ★探訪上帝的部落，無電露營區，走訪巨木群 NO.134
杉彩露營區,苗栗縣苗栗市南庄鄉二坪124縣道36.5公里處上山,【露營趣】苗栗.杉彩露營區 ★森林系夢幻營地，舒服的露營環境 NO.269
吻吻露營區,苗栗南庄鹿場部落,【露營趣】苗栗.吻吻 ★老營地的美好，勇闖加里山成功 NO.128
拉瓦露營區,苗栗南庄鹿場部落（附近）,【露營趣】苗栗.吻吻 ★老營地的美好，勇闖加里山成功 NO.128
悠逗露營區,苗栗縣南庄鄉蓬萊村紅毛館30號,【露營趣】苗栗.悠逗露營區 ★睡在檜木與肖楠樹下、開心的營火晚會、一帳一衛浴 NO.80
葳達露營區,苗栗縣泰安鄉象鼻村 麻必浩部落,【露營趣】苗栗. 葳達露營區 ★親子營地、戲水池、沙坑、泰雅竹砲、搗麻糬、小怪手 NO.205
葳達露營區,苗栗縣泰安鄉象鼻村 麻必浩部落,【露營趣】苗栗. 葳達露營區 (2訪)★優質的親子營地、四月份限定賞螢、採竹筍 NO.227
福元居親子露營區,苗栗縣南庄鄉南江村19鄰8-1號,【露營趣】苗栗.福元居親子露營區 *跨年、南庄之旅  NO:02
半月彎露營區,苗栗縣三義鄉雙潭村崩山下80-6號,【露營趣】苗栗.半月彎露營區 *走入魔戒哈比人的窩  NO:04
二本松露營區,苗栗泰安司馬限林道上,【露營趣】苗栗.二本松 ★徜徉在自然懷抱中的一露，走訪丸田砲台步道 NO.146
土牧驛(麗德區)露營區,苗栗縣泰安鄉八卦村4鄰八卦力59-3號,【露營趣】苗栗.土牧驛露營區-麗德區 *玩水、草地、嗨翻天  NO:09
上雲端露營區,苗栗縣頭屋鄉明德村20鄰62號,【露營趣】苗栗.上雲端露營區 *坐擁明德水庫湖畔風景、可以釣魚的營地 NO.34
山野戀露營區,苗栗縣銅鑼鄉新隆村11-5,【露營趣】苗栗.山野戀2訪 ★舒適的雨棚營位、秋日露營的靜謐與美好 NO.317
山野戀露營區,苗栗縣銅鑼鄉新隆村11-5,【露營趣】苗栗.山野戀 ★漂亮的雨棚露營區、環境優美、黃花風鈴木飄逸 NO.306
友田坊露營區,苗栗縣泰安鄉清安村洗水坑12鄰,【露營趣】苗栗.友田坊露營區 ★適合親子露營與新手露營的營地、霧裡看景  NO.72
青杉嶴,苗栗縣南庄鄉東河村石壁22號,【露營趣】苗栗.青杉嶴 ★享受深山後的漫活、愜意 NO.54
楓櫻杉林,新竹縣五峰鄉 ,【露營趣】苗栗.青杉嶴 ★享受深山後的漫活、愜意 NO.54
洗水山露營區,苗栗縣泰安鄉清安村石水坊(苗62-1道路過清安國小直行),【露營趣】苗栗. 洗水山露營區 (2訪)★遇見翻騰的雲海，賞螢去 NO.228
洗水山露營區,苗栗縣泰安鄉清安村石水坊,【露營趣】苗栗.洗水山露營區 *賞桐花、看美景  NO:08
哈洛客露營區,苗栗縣南庄鄉東河137號(鵝公髻部落),【露營趣】苗栗. 哈洛客 ★厚實草地、綠意盎然的營地 NO.202
吳老爹露營區,苗栗先泰安鄉清安街腦寮庄31號,【露營趣】苗栗.吳老爹露營區 ★位於泰安清幽的露營環境、我愛聖誕趴 NO.68
高山青農場,苗栗縣南庄鄉蓬萊村14鄰30號,【露營趣】苗栗.高山青 (三訪) ★霧鎖森林的美 NO.197
高山青農場,苗栗縣南庄鄉蓬萊村14鄰30號,【露營趣】苗栗.高山青農場 ★浪漫繡球花怒放中、山高水青的露營區 NO：88
巴卡的天空,苗栗縣南庄鄉30-16號,【露營趣】苗栗.高山青農場 ★浪漫繡球花怒放中、山高水青的露營區 NO：88
南山傳奇,苗栗縣南庄鄉大湳聯絡道路二,【露營趣】苗栗.高山青農場 ★浪漫繡球花怒放中、山高水青的露營區 NO：88
高山青,苗栗縣南庄鄉蓬萊村14鄰30號,【露營趣】苗栗.高山青(二訪) ★陶醉在繡球花海，大團露 NO.132
風露營,苗栗縣泰安鄉士林村64號,【露營趣】苗栗.風露營 *體驗一帳包場的享受 NO:18
老官道休閒農場,苗栗縣大湖鄉新開5鄰12-1號,【露營趣】苗栗.老官道休閒農場 ★寬廣的大草地，海外露營分享大團露 NO.181
老官道休閒農場露營區,苗栗縣大湖鄉新開五鄰12-1號,【露營趣】苗栗.老官道休閒農場  *超大大草皮、團露好好玩 NO:21
目上景,苗栗縣泰安鄉大興村5鄰,【露營趣】苗栗.目上景 ★BC區、厚實的草地、綠色螢光飛舞 NO.126
辰采居,苗栗縣獅潭鄉十一份之四,【露營趣】苗栗.辰采居 ★270度的雲海景致、溫馨的環境、親切的營主夫妻 NO.221
春田窯,苗栗縣三義鄉雙潭村大坪 7 號,【露營趣】苗栗.春田窯 *踏入藝術氣息的小營地、手拉坏初體驗 NO.35
怡心園,苗栗縣卓蘭鎮西坪里43-6號,【露營趣】苗栗.怡心園 *翠綠的草地、今晚睡樹下、順訪花露休閒農場 NO:82
橘舍三食,苗栗縣卓蘭鎮西坪路43-15號,【露營趣】苗栗.怡心園 *翠綠的草地、今晚睡樹下、順訪花露休閒農場 NO:82
山林鳥日子,苗栗縣卓蘭鎮西坪里西坪73號,【露營趣】苗栗.怡心園 *翠綠的草地、今晚睡樹下、順訪花露休閒農場 NO:82
喝納灣露營區,苗栗縣南庄鄉24鄰鹿場13之8號353號,【露營趣】苗栗. 喝納灣露營區 ★有咖啡廳的露營區、自然原始的露營生活 NO.233
雲想家露營區,苗栗縣三義鄉雙潭村15鄰崩山下36之8號,【露營趣】苗栗.雲想家 ★自然優閒的露營區，很酷的團露CPR與消防體驗 NO.159
鑽石林,苗栗縣泰安鄉大興村4鄰,【露營趣】苗栗.鑽石林 ★炎炎夏日避暑去、就是要高海拔賞景放空 NO.130
雲境露營區,苗栗縣泰安鄉山路,【露營趣】苗栗.鑽石林 ★炎炎夏日避暑去、就是要高海拔賞景放空 NO.130
寨酌然野奢庄園,苗栗縣卓蘭鎮壢西坪,【露營趣】苗栗.寨酌然野奢庄園 ★飯店級的露營環境、野地裡的奢華與享受 NO.191
麒麟山露營區,苗栗縣南庄鄉小東河11號,【露營趣】苗栗. 麒麟山露營區 ★森林系環境、適合團露的大場地  NO.286
不遠山莊,苗栗縣三義鄉雙連潭9鄰199號,【露營趣】苗栗.不遠山莊 ★綠意盎然的露營區，適合團露的大場地 NO.236
五隻小豬露營區,苗栗縣泰安鄉農路一號,【露營趣】苗栗. 五隻小豬露營區 ★遼闊的雲海景色、全新營地  NO.299
天晴野舍,苗栗縣泰安鄉士林國小上方 (泰安達拉灣山上),【露營趣】苗栗.天晴野舍 ★遼闊景緻的視野、溫泉水洗澎澎 (2訪) NO.217
朵悠露營區,苗栗縣泰安鄉33-1,【露營趣】苗栗.天晴野舍 ★遼闊景緻的視野、溫泉水洗澎澎 (2訪) NO.217
天晴野舍,"苗栗縣泰安鄉士林國小上方的""默娜農莊""往山上走約6.7公里",【露營趣】苗栗.天晴野舍 ★療癒系露營風、簡單的美好 NO.156
古道秘境露營區,苗栗縣泰安鄉苗62線11.5公里處左轉,【露營趣】苗栗. 古道秘境露營區 ★翠綠草皮及遼闊視野、橫龍山健行  NO.293
武嵐露營區,苗栗縣泰安鄉10鄰橫龍山64之36號,【露營趣】苗栗. 古道秘境露營區 ★翠綠草皮及遼闊視野、橫龍山健行  NO.293
阿水泊露營區,苗栗縣泰安鄉橫龍山64之39號,【露營趣】苗栗. 古道秘境露營區 ★翠綠草皮及遼闊視野、橫龍山健行  NO.293
放牛吃草露營區,苗栗縣泰安鄉大興村高熊卡4鄰61-8號,【露營趣】苗栗.放牛吃草 ★美麗的夕陽山景、遼闊的鷂婆山景色、刺激的滑梯 NO.216
南窩綠丘露營區,苗栗縣通霄鎮城南里城南66-5號,【露營趣】苗栗.南窩綠丘 ★遼闊大草原、戶外婚禮場地、野餐踏青的好去處 NO.272
飛牛牧場露營區,苗栗通宵,【露營趣】苗栗.飛牛牧場 ★樹林營位、牧場親子旅遊、大草原 NO.220
森林悅章,苗栗縣獅潭鄉新店村小東勢24-1號,【露營趣】苗栗.森林悅章 ★睡在綠色隧道裡、專屬衛浴、輕露營的好選擇、夜間生態導覽找飛鼠 NO.78
漫天過海,苗栗縣泰安鄉中象道路,【露營趣】苗栗.漫天過海 ★景緻舒服的露營區、療癒放空好地方 NO.113
遊牧民族露營區,苗栗縣泰安鄉大興村5鄰38-1號,【露營趣】苗栗.遊牧民族露營區 *堅持不超收的好營地、黃昏賞日落、夜晚觀星空 NO:22
馬達法賴露營區,苗栗縣泰安鄉大興村5鄰48-1號5鄰48-1號 ,【露營趣】苗栗.遊牧民族露營區 *堅持不超收的好營地、黃昏賞日落、夜晚觀星空 NO:22
晨境森林,苗栗縣南庄鄉蓬萊村紅毛館4鄰46-1號,【露營趣】苗栗.晨境森林 ★最愛賴在森林裡，民宿、沙坑、戲水池、可車宿 NO.167
緣野營客露營區,苗栗縣卓蘭鎮坪林里9鄰103號,【露營趣】苗栗.緣野營客露營區 ★厚實翠綠的草皮、玩樂編織 NO.226
蘿菈松靜,苗栗縣南庄鄉東河村21鄰石壁22號,【露營趣】苗栗.蘿菈松靜 ★清幽的森林營地、賴在松樹下睡一晚 NO.187
青杉嶴,苗栗縣南庄鄉東河村石壁23號,【露營趣】苗栗.蘿菈松靜 ★清幽的森林營地、賴在松樹下睡一晚 NO.187
山林鳥日子,苗栗縣卓蘭鎮西坪里西坪73號,【露營趣】苗栗.山林鳥日子 ★鯉魚潭畔湖光景緻第一排、尊榮級的衛浴服務 NO.115
巴卡的天空,苗栗縣南庄鄉蓬萊村14鄰大湳30-16號,【露營趣】苗栗.巴卡的天空 ★大湳山上新營地、坐看仙山之美 NO.58
司馬限雲端果園露營區,苗栗縣泰安鄉中興村司馬限5鄰20號,【露營趣】苗栗.司馬限雲端  (2訪) ★咱們賞櫻花看雲海去，小包區，有小商店喔！NO.247
司馬限360露營區,苗栗縣泰安鄉,【露營趣】苗栗.司馬限雲端  (2訪) ★咱們賞櫻花看雲海去，小包區，有小商店喔！NO.247
司馬限山嵐露營區,苗栗縣泰安鄉,【露營趣】苗栗.司馬限雲端  (2訪) ★咱們賞櫻花看雲海去，小包區，有小商店喔！NO.247
司馬限雲端果園,苗栗縣泰安鄉中興村司馬限5鄰20號,【露營趣】苗栗.司馬限雲端 ★沉浸在雲海中、櫻花預備起、優質營主 NO.119
司馬限山嵐,苗栗縣泰安鄉,【露營趣】苗栗.司馬限雲端 ★沉浸在雲海中、櫻花預備起、優質營主 NO.119
戈巴倫露營區,新竹縣五峰鄉和平部落 ,【露營趣】苗栗.司馬限雲端 ★沉浸在雲海中、櫻花預備起、優質營主 NO.119
司馬限-山嵐-露營區,苗栗縣泰安鄉中興村司馬限部落 (司馬限山附近),【露營趣】苗栗.司馬限-山嵐露營區  *享受無敵美景、放鬆、賞雲海的好所在 NO.30
司馬限山嵐露營區,苗栗.司馬限,【露營趣】苗栗.司馬限山嵐 ★夏日露營高海拔營地、賞雲景、觀星 (二訪) NO.41
瓦浪露谷營地,苗栗縣泰安鄉梅園村天狗19號,【露營趣】苗栗.瓦浪露谷 *採柿子樂、轉角遇見部落風情、拜訪雪見遊憩區  NO:28
瑪那邦之星-蟲蟲生態營地,苗栗縣大湖鄉東興村12鄰上湖31號,【露營趣】苗栗.瑪那邦之星-蟲蟲生態營地 (4訪) ★賞雲海勝地、甲蟲標本製作課程體驗 NO.305
瑪那邦之星-蟲蟲生態營地,苗栗縣大湖鄉東興村12鄰上湖31號,【露營趣】苗栗.瑪那邦之星-蟲蟲生態營地 (3訪) ★金龜區小包區、採橘樂 NO.301
瑪那邦之星-蟲蟲生態營地,苗栗縣大湖鄉東興村12鄰上湖31號,【露營趣】苗栗.瑪那邦之星-蟲蟲生態營地 (2訪) ★夕陽美景、採橘樂 NO.278
瑪那邦之星-蟲蟲生態營地,苗栗縣大湖鄉東興村12鄰上湖31號,【露營趣】苗栗.瑪那邦之星-蟲蟲生態營地 ★五星級的遼闊雲海、夜景、夕陽美景 NO.244
邊界露營區,南投縣水里鄉,【露營趣】南投.邊界Boundary ★山景環抱的療癒時光  NO.328
客泊樂野奢露營區 (原花石間露營區),苗栗縣泰安鄉大興村,【露營趣】客泊樂野奢露營 ★一泊二食三體驗、豪華露營體驗、竹林秘境、體驗師帶你走入露營生活 NO.215
美富安松林溪露營區,苗栗縣泰安鄉永安33之6號 ,【露營趣】苗栗.美富安松林溪露營區 NO：01
藍鵲渡假莊園,苗栗縣通霄鎮南和里111號,【露營趣】苗栗.藍鵲渡假莊園 ★球池、高爾夫球推桿區、沙坑、室內遊戲區、住宿、露營車、餐廳通通有，親子露營 NO.199
國王的移動城堡,苗栗縣獅潭鄉新店村18鄰大東勢50號,【露營趣】苗栗.國王的移動城堡 ★優質親子營地、採果樂 NO.302
司馬限360度景觀露營區,苗栗縣泰安鄉中興村5鄰18之10號,【露營趣】苗栗.司馬限360度景觀露營區 ★無敵雲海景致、櫻花盛開 NO.223
露也楓情,苗栗縣苗栗市苗栗縣泰安鄉大興村部落,【露營趣】苗栗.露也楓情-驛境區 ★適合小包區的精緻營地、山景視野、有民宿 NO.219
Mele Hula 音樂之舞藝術露營區,苗栗縣大湖鄉新開村網形16-10號,【露營趣】苗栗.Mele Hula音樂之舞藝術露營區 ★面湖露營區，鯉魚潭風光，漫遊關刀山 NO.240
斑比跳跳頂級豪華露營,苗栗縣三灣鄉北埔村小北埔27號,【露營趣】苗栗.斑比跳跳 ★高質感的的頂級豪華露營、帶爸媽露營去、Bambi Glamping  NO.308
三灣棕梠灣露營場,苗栗縣三灣鄉北埔村小北埔27號,【露營趣】斑比跳跳 I 南洋風情的露營渡假村、頂級豪華露營、全台露營區最豪華一泊四食高級食材 NO.237
亨宿露營區,南投縣鹿谷鄉光復路8之60號,【露營趣】南投.亨宿(2訪) ★亂入美學營、大大營位大滿足、賞螢去 NO.163
亨宿露營區,南投縣鹿谷鄉光復路8之60號,【露營趣】南投.亨宿 ★優質親子營地：巨石戲水池、孩子最愛的大草地、遊樂設施、球池、乾濕分離衛浴 NO.125
烏龍露營區,南投縣鹿谷鄉彰雅村凍頂巷43之6號,【露營趣】南投.烏龍營地 ★五葉松和落羽松相伴的露營區 NO.234
連興露營區,南投縣南投市南投縣國姓鄉南港村鳳鳴巷39-2號,【露營趣】南投.連興(2訪) ★綠意盎然的環境、乾淨舒適的營地 NO.249
連興露營區,南投縣國姓鄉南港村鳳鳴巷39號,【露營趣】南投.連興露營區 ★跟雲海說嗨，綠意盎然的新營地 NO.66
箱根生活會館,南投縣埔里鎮中山路62號,【露營趣】南投.箱根 ★泡湯+賞櫻+免炊煮的三重享受 NO.158
雲野露營區,南投縣竹山鎮中坑路318號,【露營趣】南投. 雲野露營區 ★百萬夜景印眼前、置身茶園中的露營區  NO.290
溪頭露營區 (夢中森林露營區),南投縣鹿谷鄉森林巷9號(位在遊樂區第一停車場上方),【露營趣】南投.溪頭夢中森林 ★無電營位，林蔭間的露營區、順遊妖怪村 NO.161
邊界露營區,南投縣水里鄉新南路,【露營趣】南投.邊界Boundary ★山景環抱的療癒時光  NO.328
聽瀑,南投市埔里鎮武界路33-8號,【露營趣】南投.聽瀑 ★就是要賴在樹林裡、溪水環繞的露營區 NO.122
W.H窩露營區,南投縣鹿谷鄉中正路三段686巷21號,【露營趣】南投. W.H窩 ★寬廣大草皮活動區域、維達利多團露  NO.285
大衛營露營區,南投縣草屯鎮富寮里富德街66巷75號,【露營趣】南投.大衛營露營區 ★荔枝園露營、露營好康熱鬧團露、百帳露營區 NO.266
斗內籽露營區,魚池鄉日月潭中山路270 巷10 號,【露營趣】南投.斗內籽 ★日月潭鬧中取靜的營地、漂亮的巴西地毯草 NO.53
伴天聊,南投縣仁愛鄉新生村山林巷18附1/ 往惠蓀林場方向,【露營趣】南投.伴天聊 ★親子營地：戲水池、遊樂設施、動物區、親子衛浴，窩在翠綠的楓樹林裡 NO.127
波斯園露營區,南投縣鹿谷鄉永隆村堀邊巷1之27號,【露營趣】南投.波斯園露營區  *麒麟湖畔的美好風光、與妖怪有約 NO:19 (2019.3.10結束營業)
森之境露營區,南投縣國姓鄉南港二號橋 附近,【露營趣】南投.森之境露營區 ★樹林下露營，木造小木屋 NO.268
滿天馨露營區,南投縣仁愛鄉仁和路,【露營趣】南投.滿天馨 ★面湖景營地、沙坑、玩樂大泡泡、 NO.144
愛和華林園,清境小瑞士花園附近,【露營趣】南投.愛和華林園 ★茶園中的營地、拜訪Nina妮娜巧克力工坊、雨中浪漫的清境、終於住民宿啦
港療枝179農場景觀農場,南投縣國姓鄉南港村長石巷,【露營趣】南投.港寮枝179 ★我的天空城堡，值得拜訪的露營區 NO.111
七里山瑭,南投縣埔里鎮鯉魚路23號,【露營趣】南投.七里山瑭 ★日式風格民宿、下雨天嗑龍蝦、鯉魚潭風景區 NO.43
大鞍松林,南投縣竹山鎮竹寮巷8號,【露營趣】南投.大鞍松林 ★小巧溫馨的營地、螢火蟲飛舞，拜訪孟宗竹蔭林道 NO.198
武界台興茶園露營區,南投縣仁愛鄉法治村茶園巷13-2號,【露營趣】南投.武界台興茶園 ★武界迷人的雲海與日出、茶園中的營地 NO.56
水秀休閒農場,南投縣國姓鄉北港村長北路61號,【露營趣】南投.水秀農場 ★繪一幅南洋杉為背景的露營夢 NO.147
水鄉山岳民宿,南投縣水里鄉金龍路8巷2號,【露營趣】南投.水鄉山岳露營趣 *露營搭上自行車環湖、全球最美十大自行車道就在日月潭 NO:24
玉山星空,南投縣信義鄉東埔村開高巷30號,【露營趣】南投.玉山星空 ★睡在肖楠樹下，攀登玉山前哨站，舒服的泡湯去 NO.104
青青草原露營客棧,南投縣仁愛鄉大同村仁和路179之5號,【露營趣】南投.青青草原露營客棧 *避暑勝地、羊兒零距離、登山樂  NO:11
橫山仙境露營區,南投市永興里八卦路1號對面,【露營趣】南投.橫山仙境露營區 *豔陽、美麗夜景  NO:06
一二山嶺露營區,南投縣鹿谷鄉竹林村田頭巷54之108號,【露營趣】南投.一二山嶺露營區 ★夢幻竹林營地、茶園中露營、大崙尾山三角點  NO.324
二甲Lohas農庄,南投縣埔里鎮鯉魚路44號,【露營趣】南投.二甲Lohas農莊 *用心經營的樂活農庄、襪子工廠、百寶村  NO:17
山中流域,南投縣水里鄉水里五路,【露營趣】南投.山中流域 ★綠意盎然的露營區、適合親子露營的好地方、兩帳一衛浴  NO.309
大塊森林露營區,南投縣仁愛鄉山林巷54618號附2,【露營趣】南投. 大塊森林露營區 ★漂亮的森林露營區、新增落羽松E區、白沙坑、可住宿  NO.298
採茶媽媽景觀露營區,南投仁愛鄉關頭山,【露營趣】南投.採茶媽媽景觀露營區 ★視野遼闊的高海拔營地、關頭山山頂  NO.275
黃金森林,南投縣國姓鄉長福村長雙巷9號,【露營趣】南投.黃金森林 (3訪) ★睡在落羽松下，餐廳、戲水池、沙坑、導覽 NO.238
黃金森林,南投縣國姓鄉長福村長雙巷9號,【露營趣】南投.黃金森林 ★今夜睡在落羽松下，採果樂、戲水池、沙坑、釣魚、蚊子電影院，親子營地(二訪) NO.150
黃金森林,南投縣國姓鄉長福村長雙巷9號,【露營趣】南投.黃金森林 ★黃金楓樹下耍浪漫、可以釣魚、玩水的營地 NO.105
森春自在,南投縣魚池鄉平和巷,【露營趣】南投.森春自在 ★適合包場的小營地、落羽松環繞、泥炭土盆地初體驗 NO.112
綠野逸境露營區,南投縣國姓鄉長流村大長路587之一號,【露營趣】南投.綠野逸境露營區 ★嶄新露營區、溫馨營地 NO.270
樟湖山居露營區,南投縣國姓鄉港頭巷10-8號,【露營趣】南投.樟湖山居民宿 ★樹林、視野通吃的露營區，乾濕分離衛浴，優質民宿  NO.315
龍泉,南投縣埔里鎮麒麟里武界路28-10號,【露營趣】南投.龍泉營地 ★翠綠大草地、瀑布、戲水池、生態豐富的環境 NO.79
暮雲春樹,南投縣埔里鎮種瓜路33-3號,【露營趣】南投.暮雲春樹 ★傳說中很親切的營主、尋找家的氛圍 NO.57
山林好蒔光露營區,南投縣仁愛鄉高峰巷70附1號,【露營趣】南投.山林好蒔光 ★180度遼闊的山景，雲海大景報到  NO.316
樹寄屋籬(本草奇花園)露營區,南投縣草屯鎮坪頂里富頂路股坑巷22-31號,【露營趣】南投.樹寄屋籬(本草奇花園)露營區 *滑草、迷宮、盪鞦韆  NO:05
魚雅筑露營區,南投縣魚池鄉五城村華龍巷56-2號,【露營趣】南投. 魚雅筑民宿露營區 ★親子露營區、可戲水、住宿  NO.295
蘇格蘭高地,南投縣仁愛鄉大同村榮光巷8-9號,【露營趣】南投.蘇格蘭高地 ★炎炎夏日避暑去、初登合歡山北峰、翻騰的雲海 NO.131
羅氏後花園,南投縣國姓鄉南港路110-13號,【露營趣】南投.羅氏後花園 ★帶著孩子抓蝦摸蛤俐去，拜訪北山冰店 NO.55
沐光山居 I 館-自然生態園區,南投市國姓鄉北港村北圳巷51號,【露營趣】南投.沐光山居一館 ★豐富的親子營地、孩子的歡樂王國、三代同遊露營區沒問題 (二訪) NO.184
沐光山居,南投市國姓鄉北港村北圳巷51號,【露營趣】南投.沐光山居一館 ★豐富的親子營地、孩子的歡樂王國、三代同遊露營區沒問題 (二訪) NO.184
沐光山居,南投市國姓鄉北港村北圳巷51號,【露營趣】南投.沐光山居-露頂計自然生態園區 ★優質親子營地，泳池、攀樹體驗、釣魚、沙坑、划船，還有免費早餐吃到飽 NO.148
沐光山居一館,南投縣國姓鄉長北路90-2號 ,【露營趣】南投.沐光山居2館-歐瑪魯渡假莊園 ★全新親子露營場，手搖船、釣魚、攀岩、滑草、泳池、歐式民宿、氣墊城堡、早餐吃到飽，給你不一樣的露營體驗 NO.175
翠湖渡假中心,南投縣魚池鄉中正路338-1號,【露營趣】南投.翠湖渡假中心 ★日月潭湖景露營區，湖景第一排、視野療癒系露營  NO.318
忘憂天空渡假村,南投縣竹山鎮田南巷22-2,【露營趣】南投.忘憂天空渡假村 ★充滿童趣的小木屋、結合民宿的露營環境、餐廳vs交誼廳  NO.320
張家堡森林梅園露營區,南投縣信義鄉自強村烏松崙產業道路7公里處,【露營趣】南投.張家堡梅園 ★森林系露營區、櫻花陸續綻放中 NO.245
張家堡露營區,南投縣信義鄉烏松崙產業道路7公里處,【露營趣】南投.張家堡森林梅園露營區 ★綠意盎然的營地、滿山梅花齊開放 NO.117
張家堡森林梅園露營區,南投縣信義鄉自強村烏松崙產業道路7公里處,【露營趣】南投.張家堡森林梅園露營區 ★綠意盎然的營地、滿山梅花齊開放 NO.117
大鞍竹海雲頂星空露營區,南投縣竹山鎮大鞍段 (大鞍竹海內),【露營趣】南投. 大鞍竹海雲頂星空露營區 ★竹海中的露營區、走訪八卦茶園與竹山天梯  NO.288
日月山莊,南投縣魚池鄉魚池街443-36號,【露營趣】南投.日月山莊休閒農場 ★睡在五葉松的芬多精下、超大雨棚區 NO.73
桃米落羽松露營秘境,南投縣埔里鎮水上巷26之1號,【露營趣】南投.桃米落羽松露營秘境 ★異國風情露營區、百帳團露露營區  NO.322
川中島落羽松露營秘境,南投縣仁愛鄉互助村清風路27-1號,【露營趣】南投.川中島落羽松祕境 ★落羽松營地，有戲水池、沙坑、溪流，聖誕大團露 NO.153
