Name,Campsite,Address
Shelly,樂活森林農場,545南投縣埔里鎮桃米路55-1號
Shelly,陽光露營區,546南投縣仁愛鄉榮光巷50號5
Shelly,燈火嵐杉野奢露營區inHere,545南投縣埔里鎮種瓜路33-5號
Shelly,森山谷 中寮森林營地,541南投縣中寮鄉福山巷
Shelly,新境露營區,544南投縣國姓鄉長北路70之1號
Shelly,暮雲春樹露營區,545南投縣埔里鎮種瓜路33-3號
Shelly,LOLO農場,545南投縣埔里鎮眉原路1-4號
Shelly,涵香小屋露營驛站,555南投縣魚池鄉五馬巷2之10號
Shelly,緣溪行森林營地,545南投縣埔里鎮乾溪景觀橋545號
Shelly,湯尼瑪麗露營區,545南投縣埔里鎮種瓜路
Shelly,武界雲窩森林露營區,546南投縣仁愛鄉茶園巷1附2號
Shelly,樹不老 L’mosay,546南投縣仁愛鄉山林巷46附2號
Shelly,畫眉園露營區,546南投縣仁愛鄉山林巷10號
Shelly,日月潭 九蛙秘境露營區,555南投縣魚池鄉中山路510巷9之22號日月潭
Shelly,1,555南投縣魚池鄉文武巷1-2號
Shelly,南投北中寮鶴里翁露營區,541南投縣中寮鄉龍南路151-20號
Shelly,南投北山露營農場,544南投縣國姓鄉長石巷42-5號
Shelly,賞星月慕露營區(露營樂6號店,541南投縣中寮鄉復興巷
Shelly,空若水營地,555南投縣魚池鄉文武巷1-33號
Shelly,露野森林SNUWING,546南投縣仁愛鄉
Shelly,埔里聽瀑營地,545南投縣埔里鎮武界路33-8號
Shelly,愛心露營地,555南投縣魚池鄉通文巷4之11號
Shelly,武界雲夢茗園,546南投縣仁愛鄉茶園巷1之1號
Shelly,樂沐山林_親子友善露營區,555南投縣魚池鄉五馬巷4號
Shelly,山福情森露營區,555南投縣魚池鄉華龍巷43-3號
Shelly,曉樂園露營區,540南投縣南投市吉利路126號
Shelly,伴天聊露營區,546南投縣仁愛鄉山林巷18附1號
Shelly,愛聚時光森林露營區,545南投縣埔里鎮種瓜路37-1號
Shelly,春陽觀休閒農場,546南投縣仁愛鄉虎門巷135號
Shelly,龍泉營地,54550南投縣埔里鎮武界路28之10號
Shelly,日月潭香菇寮生態營地,55543南投縣魚池鄉華龍巷41-2號
Shelly,大衛營露營農場,542南投縣草屯鎮富德街66巷75號
Shelly,迷露1850,546南投縣仁愛鄉仁和路179之5號24°03'34.6N 121°10'31. 546
Shelly,高峰農場露營區,544南投縣國姓鄉長石巷42-9號
Shelly,森林寓,555南投縣魚池鄉東興巷19號
Shelly,山裡面的嵐卡,556南投縣信義鄉地利村姑姑山
Shelly,採茶媽媽景觀茶園雨棚區,546南投縣仁愛鄉
Shelly,南投國姓羅氏後花園露營場,544南投縣國姓鄉南港路110-13號
Shelly,茶吾此露露營區,545南投縣埔里鎮種瓜路33-13號
Shelly,魚池鄉入森林露森林營地,555南投縣魚池鄉水埔產業道路131號
Shelly,回歸自然二八露營場,557南投縣竹山鎮鹿山路606-7號
Shelly,武界松露露營區&小木屋,54669南投縣仁愛鄉武安路1附6號
Shelly,森露快樂休閒營地,555南投縣魚池鄉平和巷10號
Shelly,鳳凰山日出湖秘密基地露營區,558南投縣鹿谷鄉鳳園路88之50號
Shelly,川中島落羽松露營秘境,546南投縣仁愛鄉清風路27-1號
Shelly,峇嵐杉丘 奢華露營,555南投縣魚池鄉文正巷2之6號
Shelly,芭喇露營區休閒農莊,546南投縣仁愛鄉武界林道
Shelly,達雅奇跡星球特色主題懶人露營一泊二食團體包場包區,544南投縣國姓鄉大長路529-1號
Shelly,山見懶人露營,555南投縣魚池鄉通文巷54號對面號
Shelly,鹿谷麒麟潭 湖光露營區,558南投縣鹿谷鄉堀邊巷1之27號
Shelly,凍頂山露營農場,558南投縣鹿谷鄉彰雅村凍頂巷33之2
Shelly,享樂玩家露營區,555南投縣魚池鄉五馬巷2-3號
Shelly,三乘山露營區,542南投縣草屯鎮三層巷50號
Shelly,合興休閒營區,555南投縣魚池鄉華龍巷73-1號
Shelly,滾石部落露營場地,544南投縣國姓鄉544
Shelly,南投武界觀景茶園露營區,546南投縣仁愛鄉茶園巷17附2號54669
Shelly,靜竹星空景觀露營區,557南投縣竹山鎮鹿山路604號
Shelly,雲的嘉露營區,54448南投縣國姓鄉南港二號橋
Shelly,漠邇營地 moor Campsite & Caravan Park,545南投縣埔里鎮中山路四段136-6號
Shelly,⛺️林坡微步 露營區,555南投縣魚池鄉通文巷
Shelly,舒谷SuKu 農場,546南投縣仁愛鄉
Shelly,仙聞休閒露營區,555南投縣魚池鄉華龍巷73號
Shelly,To Me 桃米生態露營區,545南投縣埔里鎮種瓜路66-1號
Shelly,青綠園露營區,555南投縣魚池鄉五城巷11-22號
Shelly,山谷露瑪露營區,556南投縣信義鄉
Shelly,拿哥的秘密基地浪漫露營區,556南投縣信義鄉和平巷85~3號
Shelly,847露營區,558南投縣鹿谷鄉仁愛路256號
Shelly,採茶媽媽景觀露營區,546南投縣仁愛鄉高峰巷70附5號
Shelly,築露中原露營區,546南投縣仁愛鄉原名路43附2號546別用門牌導航會迷路，直接搜尋築露中原導航即可
Shelly,野趣凍頂,558南投縣鹿谷鄉凍頂巷7-26號
Shelly,飛瀑露營區feipucamping,546南投縣仁愛鄉中正路1之1號處左轉(人止關左前岔路轉入約4公里，15分路程73K
Shelly,言葉之庭露營區,54155南投縣中寮鄉永樂路134之2號
Shelly,馬赫坡9號秘境,546南投縣仁愛鄉溫泉馬赫坡路9號精英村廬山
Shelly,部落之丘 Camping,555南投縣魚池鄉文正巷1之45號
Shelly,三生園生態露營區,558南投縣鹿谷鄉民生巷8-1號
Shelly,帖泊喀露營區,555南投縣魚池鄉中正路102號
Shelly,舞蝶到了露營區,541南投縣中寮鄉村永平路100-36號
Shelly,唯樂露營區,555南投縣魚池鄉協力巷11-6號
Shelly,里列格營地,546南投縣仁愛鄉萬豐村10鄰清華巷148附1號
Shelly,哈爾斯塔特露營區,546南投縣仁愛鄉
Shelly,山中流域露營區,553南投縣水里鄉水里五路
Shelly,九份二山連興露營區,544南投縣國姓鄉鳳鳴巷39-6號
Shelly,山水園露營農莊,544南投縣國姓鄉大長路117-1號
Shelly,暮沐露營小庄。Moonmood,555南投縣魚池鄉華龍巷31號
Shelly,入樹．村,555南投縣魚池鄉大雁巷31-8號
Shelly,仙徠山莊露營區,544南投縣國姓鄉長豐村東二巷71號
Shelly,咿喲ㄟ故鄉露營區,545南投縣埔里鎮種瓜路126- 2號
Shelly,沐晨露營區,544002南投縣國姓鄉長豐村東一巷51-8號
Shelly,遇見東平莊園,545南投縣埔里鎮覆金路21之1號
Shelly,泊樂熊村 Polar Bear Village,544南投縣國姓鄉北原路58號
Shelly,迦南之地露營區,546南投縣仁愛鄉投71鄉道34號
Shelly,馬沙露營區,544南投縣國姓鄉大長路616-1號
Shelly,W.H窩露營區,55812南投縣鹿谷鄉中正路三段686巷21號55812
Shelly,日月潭夢想露營區,555南投縣魚池鄉有水巷28─3號
Shelly,森林蜂味露營區,545南投縣埔里鎮桃米路73-1號
Shelly,黃金藍海秘境,544南投縣國姓鄉大長路613號
Shelly,迦南美地生態教育園區,557南投縣竹山鎮中山路7之88號
Shelly,埔里桃米香露營區,545南投縣埔里鎮種瓜路33-2號
Shelly,石頭窩景緻露營區,552南投縣集集鎮梨頭巷10-6號
Shelly,玫花露露營區,545南投縣埔里鎮東峰路18號
Shelly,綠野森林農場室內營位屋 露營區,545南投縣埔里鎮西安路一段550巷12-1號
Shelly,夢谷伊優達雅露營區,546南投縣仁愛鄉信義巷
Shelly,峰芢苑露營區,555南投縣魚池鄉永川巷25之6號
Shelly,清流溪畔露營區,546南投縣仁愛鄉明月巷95-1附2號
Shelly,石盤阬露營區,558南投縣鹿谷鄉秀林巷13-7號
Shelly,藍瑪司露營地,546南投縣仁愛鄉親愛村大安路107附2號
Shelly,上野左岸生態露營區,544南投縣國姓鄉南港村長石巷12-6號
Shelly,星願村露營區,546南投縣仁愛鄉明月巷95之1附1號
Shelly,森呼吸露營區,541南投縣中寮鄉永樂路201號
Shelly,日月松林營地 Sun Moon Camp,55544南投縣魚池鄉有水巷21-41號
Shelly,小路露營區,426台中市新社區崑山里食水嵙6-2號
Shelly,九甲林露營區,422台中市石岡區萬仙街岡仙巷7-1號請先搜尋五福臨門神木
Shelly,德芙蘭農場,424台中市和平區東關路一段359號
Shelly,台中后里,421台中市后里區圳頭產業道路
Shelly,新社恩地生態露營區,台中市新社區426
Shelly,雅谷。露營區,424台中市和平區東關路一段松鶴三巷81號
Shelly,雙香露營區,424台中市和平區東崎路二段19-25號
Shelly,出雲山騰雲營地,424台中市和平區雪山路出雲巷
Shelly,一棵樹露營區,413台中市霧峰區民生路426巷77號
Shelly,中正露營區精神碉堡總集合場,406台中市北屯區連坑巷
Shelly,星空Yay(夜)語 露營區,426台中市新社區永豐45-1號
Shelly,裡冷熊爸營地,424台中市和平區東關路一段裡冷巷25號
Shelly,吉娃斯景觀咖啡露營區,桃山 社區 和平區台中市
Shelly,野Fun趣 親子果園,413台中市霧峰區民生路426巷8弄39號
Shelly,ㄡ熊熊露營園地,424台中市和平區東關路一段松鶴三巷103號
Shelly,大雪山喜樂之地露營區,423台中市東勢區東坑路978-6號
Shelly,大雪星空露營區,423021台中市東勢區東坑路795巷18號
Shelly,向海那漾 Nayang Beach,439台中市大安區北汕路86巷1號
Shelly,吾居無束露營區,426台中市新社區崑山里19之6號
Shelly,摩天嶺楊園露營區,424台中市和平區東崎路一段天嶺巷30-3號
Shelly,曉晴星空三營台中新社營區,426台中市新社區上坪4-3號
Shelly,富柿山 星空景觀農場,426台中市新社區永櫃路18號
Shelly,福壽山農場露營區,424台中市和平區福壽路29號
Shelly,聚元營地,42642台中市新社區崑南街29巷5號
Shelly,覓靜莊園,424台中市和平區東關路一段裡冷巷99號
Shelly,那個屋露營區,413台中市霧峰區中坑產業道路92號
Shelly,久良栖露營區,424台中市和平區東關路一段360號
Shelly,柏冷翠休閒農場,424台中市和平區東關路二段11之8號
Shelly,Tatami 忘憂草原 聖愛營地,426台中市新社區
Shelly,蟬說,411台中市太平區山田路218號
Shelly,樂悠悠露營區,台中市和平區42415鄰73號東關路一段里冷巷
Shelly,谷關八起露營區,424台中市和平區東關路一段堰堤巷6-1 號
Shelly,天山秘境森林露營區,426台中市新社區中和街一段山腳巷20-9號
Shelly,小松露露營區(露營,426台中市新社區
Shelly,松風谷種苗休閒園區,424台中市和平區東關路一段台電巷122-20號
Shelly,綠大地露營區,42646台中市新社區上坪4-6號
Shelly,森杉露營區,424台中市和平區東崎路一段桃山巷32號
Shelly,松嶺露營區,424台中市和平區Unnamed Road
Shelly,樂在露營,426台中市新社區協中街211巷27號
Shelly,彩虹星光農園露營區,422台中市石岡區豐勢路山下巷11之8號
Shelly,裡冷溪探索園區,424台中市和平區裡冷巷69號
Shelly,天冷吹雲民宿及露營,42661台中市新社區福興里美林72-2號
Shelly,松旺露營區,424台中市和平區Unnamed Road
Shelly,后豐鐵馬道露營區,420台中市豐原區朴子街323巷13號
Shelly,馬告的傳奇民宿 露營區,424台中市和平區東關路一段裡冷巷5-8號
Shelly,照哥的家,424台中市和平區東關路一段裡冷巷86號
Shelly,森林小鹿,423台中市東勢區東坑路967號號
Shelly,樂境6.2K營地,42345台中市東勢區東坑路964之1號
Shelly,三山來此咖啡莊園,406台中市北屯區東山路二段183-33號
Shelly,哈露米露營區,424台中市和平區東關路一段430號
Shelly,山居歲月森林區,426台中市新社區
Shelly,牛坪之春露營區,42442台中市和平區牛坪之春露營區
Shelly,山上小日子Camping,424台中市和平區東關路一段裡冷巷1-8號
Shelly,松鶴延年露營區,424台中市和平區東關路一段松鶴三巷95-11號
Shelly,嵐山驛站 露營區,42647台中市新社區中興街217之6號
Shelly,無憂森林carefree_forest,424台中市和平區東關路一段松鶴三巷92-8號
Shelly,平岩山望向芸端露營區,424台中市和平區中興路三段53號
Shelly,彩虹奇菁露營區,423台中市東勢區慶福里慶福街26-2號
Shelly,東勢林場大安露營中心,台中市東勢區
Shelly,億享天開歡樂農場,423台中市東勢區勢林街63之6號
Shelly,谷關365露營區,424台中市和平區東關路一段20之5號
Shelly,山上松亭露營區,424台中市和平區東關路一段360之5號
Shelly,洪爺爺菜園丫,438台中市外埔區水頭二路18號
Shelly,歐賓露營區,424台中市和平區東關路一段台電巷124-4號
Shelly,山暉甜園露營區,42451台中市和平區中坑路北坑巷15號
Shelly,六合繹包棟露營區(住宿),423005台中市東勢區東坑路石麻巷46號之1
Shelly,中正露營區愛國分營區,406台中市北屯區連坑巷中正露營區精神碉堡總集合場
Shelly,丘の町營地,台中市東勢區Unnamed Road 423
Shelly,八仙山春露茶園,424台中市和平區東關路一段裡冷巷70號
Shelly,爸娜娜露營區,423台中市東勢區東崎路三段122-5號
Shelly,芭蓊露營區,424台中市和平區東崎路一段桃山巷73-3號
Shelly,台中后里環保公園車泊專區,421台中市后里區421
Shelly,摩天輪營地(無提供電話詢位預訂 請至臉書粉絲專頁),438台中市外埔區月眉北路221號
Shelly,菘畫居露營會館,424台中市和平區東關路一段裡冷巷15-7號
Shelly,嵐山譯站露營趣,426台中市新社區中興街225號
Shelly,微笑Glamping,423台中市東勢區東崎路三段175巷28號
Shelly,森林小鹿,42345台中市東勢區東坑路953號
Shelly,竹林風私人露營秘境,411台中市太平區
Shelly,旺來山莊秘境,426132台中市新社區永豐63-1號
Shelly,星星點燈露營區,424台中市和平區Unnamed Road
Shelly,里浪露營區,424台中市和平區東關路一段裡冷巷15號之 10
Shelly,台中烏日 呼啦莊園,414台中市烏日區高鐵東路651號
Shelly,中正露營區下平台,台中市北屯區406
Shelly,賽良久營地,424台中市和平區
Shelly,中正露營區和諧分營區,台中市北屯區
Shelly,松鶴唐麻丹露營區,42404台中市和平區東關路一段松鶴三巷
Shelly,一邊山一邊海,407台中市西屯區西屯路三段84之6號
Shelly,濱海樂園,439台中市大安區大安港海堤
Shelly,ㄚ啥布露,424台中市和平區東關路一段松鶴二巷4之3號
Shelly,頭櫃山露營區,426台中市新社區永櫃22-1號
Shelly,神農谷健康休閒中心,424台中市和平區東關路一段松鶴三巷100之8號
Shelly,中正露營區大平台,406台中市北屯區
Shelly,圓緣山居—露營區,423台中市東勢區東崎路三段688巷100弄19號
Shelly,石岡森林,422台中市石岡區石岡街頭坪巷9-2號
Shelly,原野露營區,424台中市和平區東關路三段2號
Shelly,石岡水舍,422台中市石岡區石城街47-1號
Shelly,鐵砧山星光露營區,437台中市大甲區成功路221號
Shelly,覓跡,424131台中市和平區雅比斯街1-9號
Shelly,大雪山 茂山樂園,424台中市和平區雪山路富山巷8號
Shelly,何必館景觀小屋,424台中市和平區東關路一段裡冷巷1-7號
Shelly,一星伴夢幻營區,502彰化縣芬園鄉彰南路二段
Shelly,完美谷營地,424台中市和平區
Shelly,大雄的家露營休閒區,426台中市新社區永豐45-2號
Shelly,黃金森林生態露營區,544南投縣國姓鄉長福村長雙巷9號
Shelly,在Lu營,424台中市和平區東關路一段松鶴三巷100號
Shelly,石壁露營區,424台中市和平區
Shelly,三叉營地,424台中市和平區
Shelly,閣香亭,42391台中市東勢區東關路四段128巷33號
Shelly,大棟農場,No. 1之7號 雪山路和平區台中市424
Shelly,一星伴,408台中市南屯區大進街11號
Shelly,星月假期,421台中市后里區月眉北路482號之1號
Shelly,Night,411台中市太平區山田路長青巷19號
Shelly,勝開心腳踏車電動車出租,420台中市豐原區豐勢 路 二 段 535 巷 100 弄5號
Shelly,MOMO佳園民宿,42646台中市新社區協中街189-2號
Shelly,貴子坑露營場,112台北市北投區秀山路85巷80號
Shelly,碧山露營場,114台北市內湖區碧山路26-6號
Shelly,碧山露營場森林營區,114台北市內湖區114
Shelly,蟬說: 暖硫 Chanshuo Warm Flow Glamping,111台北市士林區菁山路101巷71弄16號
Shelly,客泊樂 Kamper Land,9樓 No. 29號民生東路一段中山區台北市104
Shelly,華中露營場,108台北市萬華區萬大路底號華中河濱公園(左區
Shelly,貴子坑露營場淋浴間,112台北市北投區秀山路85巷80號
Shelly,陽明山菁山遊憩區露營區,111台北市士林區菁山路101巷71弄16號
Shelly,金山驛境 Gold Mountain Ranch Town,208新北市金山區仔5-2號
Shelly,貴子坑露營場辦公室,112台北市北投區秀山路161號
Shelly,中華民國童軍苗圃營地,112台北市北投區竹子湖路1-10號
Shelly,碉堡露營區,253新北市石門區Unnamed Road
Shelly,甜蜜點休閒莊園,251新北市淡水區奎柔山路189號
Shelly,三芝老農夫農場,252新北市三芝區芝蘭路62之5號
Shelly,泰雅巴萊部落村,233新北市烏來區西羅岸路132號
Shelly,半島秘境,253新北市石門區下員坑15 號
Shelly,文山森活露營區,231新北市新店區湖子內路100號
Shelly,格致童軍營地,111台北市士林區仰德大道四段75號
Shelly,桶壁角露營區,233新北市烏來區92號金堰
Shelly,露營車出租(預約送到府)雙北,103台北市大同區民生西路432號8樓
Shelly,十三層營地,Unnamed Rd 雙溪區新北市227
Shelly,山間小露,227新北市雙溪區三叉坑4號
Shelly,迴山里 GLAMPING,23343新北市烏來區金堰115巷10之1號
Shelly,山水畔休閒生態園區,237新北市三峽區建安路112-1號
Shelly,給樹營地,233新北市烏來區西羅岸路132之5號
Shelly,大舌湖營地,232新北市坪林區大舌湖30號。
Shelly,龍門露營渡假基地,228新北市貢寮區興隆街100號
Shelly,綠野山林 (成家營地),232新北市坪林區石槽50號
Shelly,三峽樂樂谷車泊車宿木屋露營烤肉園區,237新北市三峽區153-1號
Shelly,LAPOPO 拉波波村,205基隆市暖暖區東勢街221號
Shelly,皇后鎮森林三峽,237新北市三峽區竹崙路95巷1號
Shelly,蕃米力親子營地(原月牙灣),232新北市坪林區
Shelly,葵扇湖休閒農場,208新北市金山區兩湖里 2鄰
Shelly,19庄,252新北市三芝區北勢子19號
Shelly,黑金大閘蟹的家,227新北市雙溪區過溪3-1號
Shelly,皇后鎮森林金山,207新北市萬里區大鵬街111號
Shelly,新石門營地,新北市坪林區2號
Shelly,水田園農莊,207新北市萬里區
Shelly,鐵馬新樂園,232新北市坪林區金瓜寮19之1號
Shelly,綠峰渡假山莊,208新北市金山區三重橋22號
Shelly,坪林大溪地露營區,232新北市坪林區鶯子瀨路2之5號
Shelly,林園營地,232新北市坪林區號
Shelly,卡果牧場,337桃園市大園區埔心83-2號
Shelly,水樂活親子農場,320桃園市中壢區福達路二段628號
Shelly,福山緣,233新北市烏來區卡拉模基2號
Shelly,すず,111台北市士林區德行東路81巷15弄 No. 35
Shelly,金山青年活動中心露營場,208新北市金山區青年路1號
Shelly,華中露營場汽車露營區,108台北市萬華區台北市萬華區
Shelly,長青谷大自然園區,231新北市新店區新潭路二段25號
Shelly,十分自然露營區,226新北市平溪區靜安路三段391之7號
Shelly,露營樂1號店 台南左鎮旗艦館 親子露營區,713台南市左鎮區光和65之5號
Shelly,漫度漁光,708台南市安平區安億路77號
Shelly,梅嶺神秘氣場露營區,715台南市楠西區香蕉山51之6號
Shelly,曉晴星空台南玉沙農場營區,台南市玉井區沙田1之6號
Shelly,尖山埤營地,736台南市柳營區60號
Shelly,關子嶺,732台南市白河區98-1號 98-1號
Shelly,LOHAS澄沐樂活,713台南市左鎮區澄山51-1號
Shelly,空島露營區,606中埔鄉三層村崎頭仔7號
Shelly,群木淺嚐露營區,742台南市大內區123號
Shelly,白毛獵人露營農場,709台南市安南區安明路四段843號
Shelly,綠境1號露營農場,715台南市楠西區
Shelly,荷蘭村露營區,736台南市柳營區神農里7鄰新厝100號
Shelly,走馬瀨農場露營區,742台南市大內區Unnamed Road
Shelly,卧虎營區,72045台南市官田區南119鄉道南120鄉道南119鄉道南120鄉道
Shelly,虎頭埤露營區,712台南市新化區中興路42巷36號
Shelly,微光露營區,台南市楠西區48之7號
Shelly,Glamping Riverside曲水左鎮,713台南市左鎮區
Shelly,大內二溪輕鬆秘境露營區,742002台南市大內區201之17號
Shelly,尖山埤露營區,736台南市柳營區南107鄉道
Shelly,雲頂松林露營區,732台南市白河區內3之7號
Shelly,珊瑚潭草地露營區,720台南市官田區
Shelly,將軍 微光露營區,725台南市將軍區好佳庭農場
Shelly,北側露營區,720台南市官田區720
Shelly,銀河生態農場[車泊露營,732台南市白河區93鄉道1.5號公里處
Shelly,印月農莊,716台南市南化區
Shelly,露舍營家露營區,845高雄市內門區
Shelly,珊瑚潭童軍露營中心,720台南市官田區八田路三段櫻花巷59號
Shelly,二寮聚樂部,713台南市左鎮區龍崎產業道路
Shelly,一水綠舟莊園,711台南市歸仁區智慧綠能大道二段500巷20號
Shelly,關子嶺開心休閒農場,732台南市白河區關嶺里南寮8 鄰 19一16號
Shelly,梅嶺青青河畔茶樹露營區,715台南市楠西區灣丘里梅嶺
Shelly,Horse on 馬上露營,718台南市關廟區靶場一街126號
Shelly,芒果香露營區,714台南市玉井區714
Shelly,安平漁人馬桶,708台南市安平區
Shelly,加利利以琳露營區,714台南市玉井區85號
Shelly,尖山埤鴻盛露營區,736台南市柳營區60號
Shelly,White River Hill,732台南市白河區15-61號
Shelly,楠西碧園(車床天地棧點),715003台南市楠西區
Shelly,綠野果園,731台南市後壁區
Shelly,達里沐露營區,849高雄市那瑪夏區
Shelly,麗祈樂活,716台南市南化區
Shelly,寶哥私人露營區,732台南市白河區
Shelly,露悠悠Glamping,844高雄市六龜區尾庄55之2號
Shelly,高雄_桂田休閒莊園露營區,846高雄市杉林區桐竹路61-12號
Shelly,王董農莊,715台南市楠西區
Shelly,冠達驛站,722台南市佳里區麻佳路三段138巷150弄21號
Shelly,左觀,732台南市白河區
Shelly,橘屋,712台南市新化區150號
Shelly,呼叫223農場,845高雄市內門區
Shelly,祥和長老教會 龍秋紀念營地,733台南市東山區油礦12鄰36-4號
Shelly,(南橫)開心休閒露營區,848高雄市桃源區南橫公路三段3-2號
Shelly,茂升山林,845高雄市內門區號
Shelly,蔡媽媽菜園,715台南市楠西區
Shelly,坤哥苓仔寮三合院,725台南市將軍區69號
Shelly,大埔露營區營地,607嘉義縣大埔鄉
Shelly,八寶寮休閒中心,606嘉義縣中埔鄉52號
Shelly,雲水山露營區,607嘉義縣大埔鄉
Shelly,山上別院 Yamakami Living,743台南市山上區號
Shelly,嚮露,844高雄市六龜區土壠149之10號
Shelly,白石馬露營區,606011嘉義縣中埔鄉灣潭子段13-24地號金記宅
Shelly,將軍彩繪公園,725台南市將軍區南18鄉道81號
Shelly,大山拾光休閒莊園,844高雄市六龜區和平路130-35號
Shelly,藍色33號窩露營區,605嘉義縣阿里山鄉33號
Shelly,荖濃有機農場露營區,844高雄市六龜區裕濃路81巷18號
Shelly,野營點無水，有樹遮陽,712台南市新化區
Shelly,阿爾山露營區,848高雄市桃源區
Shelly,後大埔露營區,607嘉義縣大埔鄉大埔路
Shelly,高雄六龜十八羅漢山露營區,844高雄市六龜區
Shelly,溫德莊園,844高雄市六龜區
Shelly,善知院,732台南市白河區37號
Shelly,月媽媽快樂露營區,845高雄市內門區木柵43號木柵教會隔壁
Shelly,陸石五木露營區,846高雄市杉林區通仙巷236號
Shelly,大學林露營區,848高雄市桃源區荖濃溪林道
Shelly,泗高露棧,844高雄市六龜區和平路130-38號
Shelly,梅園野營秘境,848高雄市桃源區梅山巷
Shelly,海銀花園,71942台南市龍崎區26-1號
Shelly,六龜陽光綠地水世界露營區,844高雄市六龜區和平路305-2號
Shelly,167咖啡 海銀花園,71942台南市龍崎區23-2號
Shelly,有夠遠露營區,605嘉義縣阿里山鄉
Shelly,將軍山歐舍營地,845高雄市內門區34號
Shelly,老爺的家露營區,845高雄市內門區埤後1-1號
Shelly,蘇菲凱文露營莊園,844高雄市六龜區和平路303-5號
Shelly,台東 星夜光海露營區,954台東縣卑南鄉民生22之2號
Shelly,台東秘境露營,954台東縣卑南鄉
Shelly,紫色太平洋露營區,台東縣東河鄉95941168號
Shelly,鹿野高台大草原露營區,95541台東縣鹿野鄉永安村高台路42巷133號
Shelly,小野柳露營區,950台東縣台東市松江路一段440號小野柳露營區
Shelly,曉晴星空露營地,962台東縣長濱鄉成靜公路
Shelly,山上的海邊露營區,950台東縣台東市建和四街181之1號
Shelly,昆布海灣露營區,961台東縣成功鎮麒麟路114-5號
Shelly,虂櫿嶇Danadanaw,954台東縣卑南鄉68號
Shelly,富岡海悅露營區,950台東縣台東市吉林路二段600號
Shelly,快樂天堂露營區,950台東縣台東市
Shelly,麒麟部落露營區,961台東縣成功鎮麒麟路52-6號
Shelly,菲卡樂Vikar tjuveljelem園區,963005台東縣太麻里鄉
Shelly,三姊快樂露營區,95544台東縣鹿野鄉鹿鳴路100巷5之1號
Shelly,台東天闊休閒露營區,96142台東縣成功鎮麒麟路5之1號
Shelly,浪花蟹露營區,962台東縣長濱鄉三間村真柄4鄰
Shelly,無憂海景秘境,963台東縣太麻里鄉台東縣太麻里
Shelly,逐浪露營地,961台東縣成功鎮隧道路23之10號
Shelly,都蘭五線,959台東縣東河鄉59-2號
Shelly,台東心路旅程露營棧,959台東縣東河鄉都蘭村舊廍15-3號
Shelly,美山晴露營,961台東縣成功鎮忠孝里美山路230號
Shelly,82遶灣 Pa’alawan露營區,962台東縣長濱鄉真柄四鄰
Shelly,真柄禾多小酒館,962台東縣長濱鄉962
Shelly,星願農場,954台東縣卑南鄉
Shelly,Safolo露營區,959台東縣東河鄉港1鄰74號
Shelly,王媽媽家常菜,954台東縣卑南鄉溫泉村鎮樂路48號
Shelly,知本山莊露營區,950台東縣台東市建和四街97-1號
Shelly,初鹿椰子林露營區,954台東縣卑南鄉忠孝路龍過脈
Shelly,慕樟露營區camphor camp,962台東縣長濱鄉台11線
Shelly,都蘭•錄托邦,959台東縣東河鄉
Shelly,ㄧ零八零1080露營區,953台東縣延平鄉
Shelly,都蘭部落後花園露營區,959台東縣東河鄉
Shelly,初鹿之夜度假露營區,954台東縣卑南鄉原生植物園[台灣好行
Shelly,小雄72號露營區,958台東縣池上鄉大埔村7鄰大埔72號
Shelly,狗有村營地,959001台東縣東河鄉花東海岸公路三線產業道路
Shelly,原始角落,964台東縣金峰鄉423號
Shelly,比西里岸營地,961台東縣成功鎮白蓮路170-1號
Shelly,射馬干農場,950台東縣台東市建和四街91之2號
Shelly,台東嘉豐營區,954台東縣卑南鄉
Shelly,台東許雲露營區,961台東縣成功鎮成廣路29號
Shelly,金山星空露營區,964台東縣金峰鄉佳崙產業道路
Shelly,武茶露營區,957台東縣海端鄉中福路一鄰18之3號
Shelly,最接近海的露營區,962台東縣長濱鄉
Shelly,阿諾莊園,953台東縣延平鄉昇平路
Shelly,交通部觀光署東部海岸國家風景區管理處小野柳露營區,950台東縣台東市松江路一段269號
Shelly,Anna開心農場,959台東縣東河鄉金樽產業道路
Shelly,東遊季露營區,954台東縣卑南鄉溫泉路376巷18號
Shelly,高爾夫球場營地,957台東縣海端鄉
Shelly,足球場營地,957台東縣海端鄉
Shelly,盛香源露營區,963台東縣太麻里鄉
Shelly,思親園,961台東縣成功鎮富榮路119 號
Shelly,福鹿山休閒農莊,955台東縣鹿野鄉高台路42巷
Shelly,三仙台馬拉尚露營區,961台東縣成功鎮跋邊路123號
Shelly,嘉明湖山屋營地,957台東縣海端鄉南二段登山步道
Shelly,台東縣童軍會嘉豐營地,954台東縣卑南鄉
Shelly,排球場營地,957台東縣海端鄉
Shelly,獵寮營地 hunter house campground,957台東縣海端鄉
Shelly,樂山溫泉露營區,954台東縣卑南鄉龍泉路113巷29號
Shelly,瑞和時光驛站,955台東縣鹿野鄉瑞景路三段50號
Shelly,"巡海宮(淋浴,車泊,搭帳)",961台東縣成功鎮美山路231之2號
Shelly,東遊季溫泉渡假村,954台東縣卑南鄉溫泉路376巷18號
Shelly,Dodoro Camp,961台東縣成功鎮東河鄉都蘭村
Shelly,知本野營活動場,954台東縣卑南鄉
Shelly,石山園,953台東縣延平鄉
Shelly,愛國蒲探索基地,965台東縣大武鄉東67鄉道102號
Shelly,美山的露營區,961台東縣成功鎮忠孝里美山路238號
Shelly,戰神俊的窩,950台東縣台東市青海路一段18巷83弄5號
Shelly,原宿露營區,963台東縣太麻里鄉963
Shelly,金剛觀海幸福窩露營區建設中,962002台東縣長濱鄉三崙仔產業道路
Shelly,露樂原 Camparadise,962台東縣長濱鄉成靜公路
Shelly,木娃兒驛馬站,957台東縣海端鄉南橫公路193.5公里號台20線
Shelly,老王成功祕境,961台東縣成功鎮都歷路264之23號
Shelly,山角頂露營野炊,964台東縣金峰鄉
Shelly,鄭大姊車宿點,964台東縣金峰鄉47-5號
Shelly,心泊一隅 Simple and Cozy,962台東縣長濱鄉
Shelly,北里漫活,963台東縣太麻里鄉
Shelly,玉里森林露營區,981花蓮縣玉里鎮51號大禹里
Shelly,羅山露營區,983花蓮縣富里鄉
Shelly,Hawkes Bay,954台東縣卑南鄉富山村11鄰168號
Shelly,河畔秘境,844高雄市六龜區東溪山莊12之20號
Shelly,台東初鹿親子羊牧場,95444台東縣卑南鄉改良場路76號
Shelly,黑老大,959台東縣東河鄉觀海公園旁
Shelly,南橫梅山口農場露營,848高雄市桃源區梅山巷
Shelly,穎達X 沐麓生態休閒農場,923屏東縣萬巒鄉新安路52號
Shelly,山中水手露營區,84841高雄市桃源區南橫公路三段388號
Shelly,海拉努休閒露營,848高雄市桃源區
Shelly,加利利海石梯坪露營區,977花蓮縣豐濱鄉
Shelly,初鹿牧場,954台東縣卑南鄉牧場1號
Shelly,戀戀南橫2071露營區,844高雄市六龜區南橫公路
Shelly,台東【旮祭來,96144台東縣成功鎮和平路13-1號
Shelly,玥納露營區,851高雄市茂林區多納林道
Shelly,大武山莊,902屏東縣霧台鄉東川巷63號
Shelly,Laung 石頭露營區,848高雄市桃源區勤和舊部落產業道路
Shelly,遠山望月溫泉風呂 露營區,844高雄市六龜區花賞溫泉公園
Shelly,諾亞方舟露營區,923屏東縣萬巒鄉東興路58之3號
Shelly,櫻之谷露營區,848高雄市桃源區南橫公路三段東莊巷30之6號
Shelly,好柿抵嘉農場,602嘉義縣番路鄉埔尾52之3號
Shelly,岩仔腳休閒露營區,602嘉義縣番路鄉
Shelly,花田小露露營區,602嘉義縣番路鄉觸口村埔尾 2號
Shelly,淺山尋露,602嘉義縣番路鄉阿里山公路47.5號公里處
Shelly,晨光露營區(狩獵帳),60594嘉義縣阿里山鄉2鄰86號
Shelly,來灣哈露營區,605嘉義縣阿里山鄉四鄰125-1號
Shelly,草地狀元露營區,602嘉義縣番路鄉：159甲26.5K处號
Shelly,阿里山草堂露營渡假村(露營樂9號店),60245嘉義縣番路鄉茶科 159甲線道26k
Shelly,阿里山·倉伯露營區,No. 129-11 號 四鄰 阿里山鄉嘉義縣605
Shelly,太和觀光果園露營區,603嘉義縣梅山鄉樟樹湖17號
Shelly,夕落山居露營區,602嘉義縣番路鄉
Shelly,杉緣星空露營區,605嘉義縣阿里山鄉8鄰205號
Shelly,吉恩典山丘露營區,608嘉義縣水上鄉三界埔段532-4地號
Shelly,星月傳說露營區,602嘉義縣番路鄉
Shelly,達邦村受不寮露營區,605嘉義縣阿里山鄉
Shelly,拾野 • 拾光 – 阿里山高美露營區,605嘉義縣阿里山鄉
Shelly,瑞里雲淡風輕露營區,603嘉義縣梅山鄉15號附1
Shelly,星知心露營區,嘉義縣番路鄉602
Shelly,星晴朗露營區,602嘉義縣番路鄉
Shelly,油車寮露營區,603010嘉義縣梅山鄉
Shelly,天長地久露營區,602嘉義縣番路鄉
Shelly,格瑞菈森林~瑞里賞螢 露營區生態導覽 包場露營 親子露營活動,603嘉義縣梅山鄉縣 道 78.5 公里 166 瑞水產業道路
Shelly,景山露營區,604嘉義縣竹崎鄉光華村2鄰23號
Shelly,龍頂山露營區,602嘉義縣番路鄉8鄰3號
Shelly,詩情花園度假村,606嘉義縣中埔鄉1號
Shelly,良亭花岩露營區,603嘉義縣梅山鄉
Shelly,小森林露營區,605嘉義縣阿里山鄉樂野村2鄰70-6號
Shelly,太山農場露營區,603嘉義縣梅山鄉二鄰11號
Shelly,嘉義市東區,600嘉義市東區幼獅路29號
Shelly,阿里山仙坪露營區,604嘉義縣竹崎鄉光華村頂笨宅1鄰2-2號
Shelly,日麗風合露營區,603嘉義縣梅山鄉瑞峰村生毛樹25號附3號
Shelly,振峯茶園碧湖山營區,603嘉義縣梅山鄉嘉151鄉道1號8k處
Shelly,石臥牛露營區,嘉義縣中埔鄉10-8號
Shelly,阿里山石窯園露營區,604嘉義縣竹崎鄉511號
Shelly,老鼠溪咖啡莊園營區Ａ區,605嘉義縣阿里山鄉
Shelly,小瓶秘境休閒農場,60391嘉義縣梅山鄉
Shelly,草山螢營休閒農場,602嘉義縣番路鄉602
Shelly,梅山雙溪夕陽星星露營區,603嘉義縣梅山鄉7鄰22號
Shelly,拉拉克斯莊園,605嘉義縣阿里山鄉段40號
Shelly,梅山古梅秘境休閒園區,603嘉義縣梅山鄉
Shelly,半天岩10號露營區,602嘉義縣番路鄉岩仔10號
Shelly,禾田農莊,605嘉義縣阿里山鄉2鄰82號
Shelly,山樂園,605嘉義縣阿里山鄉一鄰2號附11號
Shelly,瓜地亞那Gwaliana露營區&餐廳&咖啡,605嘉義縣阿里山鄉
Shelly,谷石丘∆露營,603嘉義縣梅山鄉
Shelly,水綠光露營知嘉,602嘉義縣番路鄉6號
Shelly,瑞里旭淳露營地,603嘉義縣梅山鄉幼葉林107號
Shelly,29.5k咖啡莊園&慢漫山林露營區,603嘉義縣梅山鄉瑞峰村二坪仔15-1號
Shelly,林間秘境露營區,605嘉義縣阿里山鄉
Shelly,三寶山露營區,602嘉義縣番路鄉
Shelly,阿里山頂笨仔綠野仙蹤露營區,604嘉義縣竹崎鄉2311號
Shelly,天一露營區,604嘉義縣竹崎鄉光華村11鄰茄苳仔29號
Shelly,羅老爸的家露營區,605嘉義縣阿里山鄉
Shelly,竹崎開心農場,604嘉義縣竹崎鄉23-6
Shelly,自然曙光莊園,602嘉義縣番路鄉
Shelly,山波Δ露營,605嘉義縣阿里山鄉124號
Shelly,太平32彎露營區(車床天地特約),嘉義縣梅山鄉8之8號
Shelly,崧園茶葉露營區,603嘉義縣梅山鄉
Shelly,玉讚露營區,602嘉義縣番路鄉
Shelly,阿里山冠銘露營區,604嘉義縣竹崎鄉Unnamed Road
Shelly,特富野伊利雅娜露營區,605030嘉義縣阿里山鄉第9鄰245附5號
Shelly,美淞露營地,608嘉義縣水上鄉
Shelly,雲景咖啡露營區,604嘉義縣竹崎鄉中和村永和5-9號
Shelly,塔山下露營區,603嘉義縣梅山鄉科子林林道
Shelly,荒郊野外露營區,448嘉義縣阿里山鄉605
Shelly,汪爸露營區,605嘉義縣阿里山鄉樂野村四鄰129-6號
Shelly,民雄,621嘉義縣民雄鄉大學路一段與號正大路交叉口
Shelly,九叔公露營區,604嘉義縣竹崎鄉23號
Shelly,塘湖古道露營農場停車場一,嘉義縣竹崎鄉
Shelly,南鞍營地2286m,605嘉義縣阿里山鄉
Shelly,特富野露營區 Tfuya Campground,605嘉義縣阿里山鄉拉拉克斯部落聯絡道
Shelly,阿里山迷糊露營區,605嘉義縣阿里山鄉69號
Shelly,三界埔農莊,608嘉義縣水上鄉
Shelly,塘湖古道休閒農場,604嘉義縣竹崎鄉仁壽村福建坪5號
Shelly,龍銀山花園＆露營,602嘉義縣番路鄉龍頭17號之19號
Shelly,山中曉露,604嘉義縣竹崎鄉光華村1鄰3號
Shelly,琢英露營場,603嘉義縣梅山鄉橫山6號
Shelly,三木生態教育園區,604嘉義縣梅山鄉
Shelly,安靖見聊,60343嘉義縣梅山鄉
Shelly,阿里山有機小農露營區,605嘉義縣阿里山鄉樂野村
Shelly,阿里山螢火蟲露營區(狩獵帳),604嘉義縣竹崎鄉笨仔遊憩區
Shelly,老鼠溪露營區B區,605嘉義縣阿里山鄉老鼠溪農場
Shelly,鷺野之家,603嘉義縣梅山鄉
Shelly,老鼠溪咖啡莊園營區C區,605嘉義縣阿里山鄉
Shelly,悅日松林,603008嘉義縣梅山鄉嘉154鄉道
Shelly,來灣哈露營區(B區),129嘉義縣605
Shelly,太平162停車露營,603嘉義縣梅山鄉龍眼路59號
Shelly,亞亞竹露營區,605嘉義縣阿里山鄉
Shelly,振峯茶園太平山露營區,603嘉義縣梅山鄉
Shelly,草地兄弟露營區,602嘉義縣番路鄉大華公路
Shelly,阿里山特富野古道露營區,605嘉義縣阿里山鄉巴沙娜至十字部落聯絡道
Shelly,大白樹旅行村,604嘉義縣竹崎鄉22號
Shelly,桃花村有機休閒農場,605嘉義縣阿里山鄉地6鄰
Shelly,石腳桶,嘉義縣番路鄉
Shelly,大片田尾小地方,602002嘉義縣番路鄉
Shelly,57秘密基地,603嘉義縣梅山鄉大坪57號
Shelly,阿里山樂野牧匠露營區,嘉義縣阿里山鄉70號
Shelly,嘉義縣頂笨仔文化協會,604嘉義縣竹崎鄉頂笨仔22之1號
Shelly,哈哈拿露營區,605嘉義縣阿里山鄉阿里山鄉里佳村10號
Shelly,穿山甲露營區,605嘉義縣阿里山鄉里佳村里佳29號
Shelly,光華頂笨仔遊憩區,604嘉義縣竹崎鄉
Shelly,花舞山嵐 農莊,602嘉義縣番路鄉
Shelly,源峰茶廠露營區,603嘉義縣梅山鄉四鄰5號
Shelly,國榮製茶所,603嘉義縣梅山鄉龍眼林段3號附8號
Shelly,微笑灣休閒農場,261宜蘭縣頭城鎮仙公路180巷50號
Shelly,Syano夏諾營露營區,26741宜蘭縣大同鄉泰雅路二段33巷31號之7
Shelly,星亮點Kayu露營區,26741宜蘭縣大同鄉泰雅路一段88巷99號
Shelly,東風綠活 Oriental Green,26944宜蘭縣冬山鄉中山路769號
Shelly,天梯露營區,26741宜蘭縣大同鄉泰雅路一段88巷66號
Shelly,露境東岳探險渡假營地,宜蘭縣南澳鄉蘇花路五段一巷 5-1號 宜蘭縣蘇澳鎮
Shelly,淺山休閒露營園區,267宜蘭縣大同鄉古魯巷1-17號
Shelly,鷗漫景觀農場,262宜蘭縣礁溪鄉匏杓崙路132-15號
Shelly,幸福城景觀露營區,267宜蘭縣大同鄉住址：大同鄉泰雅路二段29巷58-6號！
Shelly,天際線茶園營地,26741宜蘭縣大同鄉泰雅路一段88巷88號
Shelly,沐野露營區,267宜蘭縣大同鄉泰雅路二段92巷99-1號
Shelly,宜蘭大同 祕密基地露營區,267宜蘭縣大同鄉泰雅路二段88巷211-9號
Shelly,景好露營區,26741宜蘭縣大同鄉泰雅路一段12巷111號
Shelly,雲端紅土咖啡露營區,267宜蘭縣大同鄉57號
Shelly,無憂花露營區,262宜蘭縣礁溪鄉白石腳路157巷88號
Shelly,橘子園露營區,262宜蘭縣礁溪鄉白石腳路135號之1號
Shelly,濃情蜜意瓜瓜園,267宜蘭縣大同鄉寒溪巷71-6號
Shelly,松蘿園林露營區,267宜蘭縣大同鄉泰雅路二段92巷199之1號
Shelly,星霧宿,267宜蘭縣大同鄉泰雅一路牛鬥81之7號
Shelly,皇家熊 The Royal Bear Camp 宜蘭冬山露營區,26943宜蘭縣冬山鄉小埤五路331號
Shelly,見望村親子休閒農場,267039宜蘭縣大同鄉華興巷48之1號
Shelly,大同圓頂360(狩獵帳)全區禁帶寵物,267宜蘭縣大同鄉Unnamed Rd
Shelly,926露營基地,26246宜蘭縣礁溪鄉匏杓崙路150之50號
Shelly,天ㄟ藝文露營區,269宜蘭縣冬山鄉大埤二路75巷26號
Shelly,露山林套房露營區,267宜蘭縣大同鄉古魯巷1之8号
Shelly,哇吉散露營區,267宜蘭縣大同鄉泰雅一路牛鬥81之1號
Shelly,原最露營區,267宜蘭縣大同鄉泰雅路二段118之25號
Shelly,天ㄟ露營車,269宜蘭縣冬山鄉大埤二路75巷1號
Shelly,田野森農場Morilife,269宜蘭縣冬山鄉大進二路246號
Shelly,八福原地,27291宜蘭縣南澳鄉81巷
Shelly,一山半水露營區,267宜蘭縣大同鄉寒溪巷68之9號
Shelly,溪河木露營區,267宜蘭縣大同鄉松羅南巷115-7號
Shelly,又想露營趣,269宜蘭縣冬山鄉照安一路360之1號
Shelly,飛亞蘭露營區,267宜蘭縣大同鄉泰雅路五段46號
Shelly,Lemon Tree No. 16,262宜蘭縣礁溪鄉龍潭路172巷16號
Shelly,夢土上Glamping,262宜蘭縣礁溪鄉二結路8之2號
Shelly,幸福瑪崙露營區,267宜蘭縣大同鄉樂水路20巷150-1號
Shelly,五葉松林休閒露營區,267宜蘭縣大同鄉泰雅路二段33巷31之1號
Shelly,東澳露營趣,270宜蘭縣蘇澳鎮東澳灣北灘
Shelly,山谷星空,266宜蘭縣三星鄉泰雅一路301巷71號
Shelly,斯揚莫那休閒莊園,267宜蘭縣大同鄉
Shelly,南澳農場,270宜蘭縣蘇澳鎮海岸路92號
Shelly,三星鄉立游泳池,266宜蘭縣三星鄉義德路58之8號
Shelly,宜蘭南澳 老柯野外探索營地 金洋「原老柯農莊,272宜蘭縣南澳鄉博愛路18-1號
Shelly,山谷樂生態園區民宿露營,269宜蘭縣冬山鄉中山路802號
Shelly,杉林奇蹟露營區,262宜蘭縣礁溪鄉二結路94號
Shelly,摩西露營區,267宜蘭縣大同鄉
Shelly,露樹露營區,262001宜蘭縣礁溪鄉白石腳路101號
Shelly,宇世格爵露營區,267宜蘭縣大同鄉碼崙路16號
Shelly,牛鬥一角宜蘭露營區民宿,26643宜蘭縣三星鄉泰雅一路 525巷牛頭203號
Shelly,太平山森活趣渡假農場,267宜蘭縣大同鄉泰雅路六段2巷6-3號台七甲線13.7km處
Shelly,Uwah露營區,267宜蘭縣大同鄉華興巷42-18號
Shelly,沐嵐園,267宜蘭縣大同鄉玉蘭21-6號
Shelly,喬之約露營區,272宜蘭縣南澳鄉碧侯部落聯絡道路
Shelly,小董山間野炊泰雅文化旅遊,26766宜蘭縣大同鄉華興巷No. 1-10號
Shelly,新飛亞蘭,26741宜蘭縣大同鄉
Shelly,阿柑露營場,266宜蘭縣三星鄉
Shelly,睡海邊,270宜蘭縣蘇澳鎮東澳路101巷19號
Shelly,冰糖山包場露營地,27291宜蘭縣南澳鄉冰糖山路1號東澳火車站~開車10分鐘即可到達
Shelly,金岳秘境露營區,272宜蘭縣南澳鄉
Shelly,莎莉慕休閒露營區,272宜蘭縣南澳鄉橫山路13之11號
Shelly,武荖坑風景區,270宜蘭縣蘇澳鎮武荖坑路75號
Shelly,彩虹杯杯館,267039宜蘭縣大同鄉華興巷1-7號
Shelly,得天露營車,262宜蘭縣礁溪鄉五峰路69號
Shelly,那山那谷,272宜蘭縣南澳鄉金洋路2號
Shelly,愛露營,267宜蘭縣大同鄉林家50之6號
Shelly,SHALOM夏龍文旅,270宜蘭縣蘇澳鎮東澳灣北灘
Shelly,達樣山林露營區,267宜蘭縣大同鄉泰雅一路牛鬥巷2鄰號67之11號
Shelly,布拉布拉BULABULA,27291宜蘭縣南澳鄉東岳路81巷
Shelly,Leshan樂山環茶,269宜蘭縣冬山鄉太和路615號
Shelly,鄉野沐田休閒農場,264宜蘭縣員山鄉八甲路15之16號
Shelly,摩諾營地,272宜蘭縣南澳鄉宜57鄉道金洋路 摩 諾 營地
Shelly,樂樂緣地露營區,272宜蘭縣南澳鄉
Shelly,慕塔夏 Camp Butasya,272宜蘭縣南澳鄉武塔村新溪路2鄰46號金洋二號橋路
Shelly,瀧雲山莊~伊娜達漾露營區,272宜蘭縣南澳鄉橫山路13之7號
Shelly,Myasa,272宜蘭縣南澳鄉688
Shelly,日安農場,264宜蘭縣員山鄉坡城路100之1號
Shelly,亞爸的山,267012宜蘭縣大同鄉泰雅路七段363之1號
Shelly,山海匯靜思露營區,261宜蘭縣頭城鎮福德坑路5-1號
Shelly,尤酷玩家 CampArea,27291宜蘭縣南澳鄉東岳部落聯絡道路連絡道路
Shelly,築夢園迷你露營區,267宜蘭縣大同鄉林森巷20-1號
Shelly,幽洛谷慕露營區,272宜蘭縣南澳鄉東岳部落聯絡道路
Shelly,天涯九號露營區,27246宜蘭縣南澳鄉橫山路13-16號
Shelly,夢象家戶外基地,923屏東縣萬巒鄉光明路42-10號
Shelly,戴雅露營區,901屏東縣三地門鄉Unnamed Road
Shelly,普查卡朗露營區,921屏東縣泰武鄉通往舊泰武村的路上
Shelly,旭海日出東方 露營區,945屏東縣牡丹鄉東海路47-11號
Shelly,獅子鄉奇荖亢露營地,943屏東縣獅子鄉四巷60之1號 943號
Shelly,賽嘉樂園,901屏東縣三地門鄉賽嘉巷120號
Shelly,日光境,92141屏東縣泰武鄉泰武部落至佳興部落聯絡道路
Shelly,鵰瓦納休閒露營區,921屏東縣泰武鄉921佳興部落至舊武潭部落聯絡道路與號泰佳道路交叉口後方200公尺
Shelly,林沐林 親子露營區,945屏東縣牡丹鄉村東源路137號
Shelly,快樂白沙露營區,946屏東縣恆春鎮白砂路31-2號
Shelly,獵人露營區,903屏東縣瑪家鄉瑪家道路
Shelly,沿山森林秘境,923屏東縣萬巒鄉沿山路二段353號
Shelly,思樂谷,921屏東縣泰武鄉佳興部落至舊武潭部落聯絡道路與號泰佳道路交叉口前方50公尺
Shelly,里港河堤秘境,905屏東縣里港鄉過江路67-35號
Shelly,沿山森林秘境〔🌲桃花心木森林步道🌲〕,923屏東縣萬巒鄉縣道185號35.3公里
Shelly,地福露安休閒露營區,921屏東縣泰武鄉良武巷132號
Shelly,古仁人露營區,902屏東縣霧台鄉小山巷2-18號
Shelly,霧與啡露營區,903屏東縣瑪家鄉
Shelly,kikiu綠地露營區,945屏東縣牡丹鄉石門村1-14號
Shelly,神山卡布魯露營區,902屏東縣霧台鄉神山巷1-16號
Shelly,沐星田,946009屏東縣恆春鎮頭溝路129之85號
Shelly,原然小農露營農場,923屏東縣萬巒鄉光復路53號
Shelly,桃花園,屏東縣瑪家鄉崑山巷16號
Shelly,亞利桑娜露營區,945屏東縣牡丹鄉大梅路68之9號
Shelly,賽嘉樂園營地,901屏東縣三地門鄉賽嘉巷120號號
Shelly,河畔露營區,945屏東縣牡丹鄉大梅路1之20號
Shelly,巴里露營區,943012屏東縣獅子鄉村竹坑巷2之9號
Shelly,qaluvu卡魯夫農場,945屏東縣牡丹鄉
Shelly,輕鬆露營地,906屏東縣高樹鄉勝利路1之20號
Shelly,巴拿星空露營區,945屏東縣牡丹鄉片埔路
Shelly,墾丁香蕉灣原始林露營區,94644屏東縣恆春鎮鵝鑾里船帆路238-2號
Shelly,旭海舞浪園民宿露營區,945屏東縣牡丹鄉旭海路95之6號945
Shelly,大漢山森林療癒農場,94249屏東縣春日鄉春日路67號勿使用地址導航
Shelly,慕谷灣露營休憩區,903屏東縣霧台鄉谷川部落4號
Shelly,噠噠鞍咖啡農莊,921屏東縣泰武鄉良武巷168號
Shelly,屏東三地門_德文獵人學校民宿露營區,901屏東縣三地門鄉德文村
Shelly,紗舍客棧咖啡莊園露營區,921屏東縣泰武鄉
Shelly,海山露營區,946屏東縣恆春鎮島路200-2號
Shelly,旭海九大露營區,945014屏東縣牡丹鄉旭海路1-16號
Shelly,黑豬的家私人會館(平日需預約）,906屏東縣高樹鄉公平路1-75號
Shelly,士文自然休閒農場,942屏東縣春日鄉士文路52-2號
Shelly,地穀倉咖啡露營區,921屏東縣泰武鄉老潭巷110號
Shelly,旭海MaNa瑪娜園區,945屏東縣牡丹鄉旭海路1-8號
Shelly,旭海順益露營區,945屏東縣牡丹鄉東海路47之12號
Shelly,綠野遊蹤民宿露營區,906屏東縣高樹鄉義興路16之1號
Shelly,叢林原色,945屏東縣牡丹鄉石門路17號
Shelly,水悠悠農場,921屏東縣泰武鄉2鄰21號
Shelly,伊部落露營區,90191屏東縣三地門鄉民族巷100-4號
Shelly,蒙馬羅露營農莊,947屏東縣滿州鄉村永南路20-7號
Shelly,豆趣農場,923屏東縣萬巒鄉185縣道34.5公里
Shelly,車露,941屏東縣枋山鄉
Shelly,尚田休閒驛站 附設露營,906屏東縣高樹鄉大山一路60號
Shelly,華園露營民宿,945屏東縣牡丹鄉大梅路1之7號
Shelly,山野旭日灣露營區,94544屏東縣牡丹鄉源路1之20號
Shelly,青山露營區,946屏東縣恆春鎮鵝鑾里砂島路234-3號
Shelly,朱家老號烤肉露營區,907屏東縣鹽埔鄉
Shelly,樂園露營區,929屏東縣琉球鄉復興路32-15號
Shelly,霧台神山Ra噠呢露營區,902屏東縣霧台鄉神山巷1-22號
Shelly,白砂海景露營區,946屏東縣恆春鎮白砂路31號
Shelly,霧台神山賴媽媽驛棧,902屏東縣霧台鄉神山巷1-9號
Shelly,沙島露營區,946屏東縣恆春鎮鵝鑾里砂島路200號之1號
Shelly,黑黑小農 glamping,906屏東縣高樹鄉明義路9號
Shelly,松秀雅築露營場,90642屏東縣高樹鄉祥興街179號
Shelly,多阿隆農莊,921屏東縣泰武鄉
Shelly,阿法里露營區,945屏東縣牡丹鄉大梅路68之27號
Shelly,吉野家農莊露營區,921屏東縣泰武鄉來義鄉佳興部落至舊武潭部落聯絡道路
Shelly,Nasi深呼吸,945014屏東縣牡丹鄉
Shelly,白沙露營區,946屏東縣恆春鎮樹林路3之6號
Shelly,新都驕溪野營地,943屏東縣獅子鄉
Shelly,旭海灣,945屏東縣牡丹鄉東海路15-6號
Shelly,巴德卡茲休閒園區,945屏東縣牡丹鄉牡丹路242-12號
Shelly,29觀海營區,946屏東縣恆春鎮萬里路29號
Shelly,貓仔坑露營區,946屏東縣恆春鎮
Shelly,涼山一號棧,903屏東縣瑪家鄉6730 號
Shelly,樂逃園,947屏東縣滿州鄉福德路2-8號
Shelly,墾丁溪之谷樹屋農場,944屏東縣車城鄉竹社路9之3號
Shelly,車床天地德文棧,901屏東縣三地門鄉901
Shelly,後灣豆腐小學堂,946屏東縣車城鄉後灣路193號
Shelly,麓人岬露營區,946屏東縣恆春鎮茄苳路萬泉巷80-50號
Shelly,十朋金露營區,928屏東縣東港鎮船頭路71之26號
Shelly,Cedas太陽那邊,945屏東縣牡丹鄉
Shelly,德瓦農場,902屏東縣霧台鄉達那高嘟
Shelly,小琉球生態休閒營區,929屏東縣琉球鄉復興路200號
Shelly,萬丹蜂香園,932屏東縣萬丹鄉香內路331巷190號
Shelly,「壹參玖貳,921屏東縣泰武鄉大武山三街七號
Shelly,泰武之眼,921屏東縣泰武鄉佳平巷190-20號
Shelly,墾丁清涼露營區,946屏東縣恆春鎮鵝鑾里砂島路234-1號
Shelly,小琉球特區營地,929屏東縣琉球鄉肚仔坪路15之2號
Shelly,念念不忘棧點,90642屏東縣高樹鄉世一路100之20號
Shelly,小山丘,921屏東縣泰武鄉老潭巷
Shelly,君臨露營區,946屏東縣恆春鎮墾丁路330之9號
Shelly,糖居歲月,926屏東縣南州鄉永安路1號
Shelly,多隆納,921屏東縣泰武鄉佳平巷230號
Shelly,灞吶山莊,5 鄰 510 號 泰武鄉屏東縣
Shelly,觀星山莊露營民宿,901002屏東縣三地門鄉北巴巷99號
Shelly,山溪松徑咖啡莊園,901屏東縣三地門鄉北巴巷44號
Shelly,霧台獼猴補眠區,901屏東縣三地門鄉
Shelly,山野包棟民宿,923屏東縣萬巒鄉信敏路1-12號
Shelly,彰化露營哈比雪兒happy,521彰化縣北斗鎮復興路316巷
Shelly,二林中科農場,526彰化縣二林鎮_ 中正巷9-30號
Shelly,彰化五六弄,526彰化縣二林鎮詹厝路7號
Shelly,公司一星伴,502彰化縣芬園鄉
Shelly,成功營區綠色環境學習營地,500彰化縣彰化市公園路一段409號
Shelly,清水那方 遊憩園地,511彰化縣社頭鄉山腳路一段268號
Shelly,哈比雪兒園區,521彰化縣北斗鎮復興路316巷
Shelly,星錡休閒農場,512彰化縣永靖鄉東畔路238之46號
Shelly,烏來967高地露營區,233新北市烏來區信福路120巷18號
Shelly,沙瑪泰雅傳統露營區,233新北市烏來區西羅岸路
Shelly,新北市石碇童軍營地,223新北市石碇區
Shelly,茶香地營地,232新北市坪林區坪雙路一段102號
Shelly,海麗愛哈皮 野孩子的營地,228新北市貢寮區巫里岸街18號往山下200公尺的溪邊
Shelly,青山營地,新北市坪林區48之1號
Shelly,幸福山林巴,25141新北市淡水區12號之1
Shelly,恬緣烤肉露營區,237新北市三峽區建安路75-5號
Shelly,桶後溪營地,233新北市烏來區
Shelly,坪林長青露營區,232新北市坪林區
Shelly,清泉水頭營地,新北市坪林區新北市坪林區漁光里粗石斛6之2號
Shelly,坪林露營,232新北市坪林區金瓜寮路13-2號
Shelly,張家莊,227新北市雙溪區
Shelly,頭目山水,233新北市烏來區
Shelly,福山達卡露營區,233新北市烏來區大羅蘭19之1號
Shelly,福山大羅蘭露營區,233新北市烏來區大羅蘭七號
Shelly,坪林露營,新北市坪林區粗窟村仁里13號
Shelly,林口北堤大風車,244新北市林口區
Shelly,茶香村之旅露營區,232新北市坪林區
Shelly,坪安潭營地,232新北市坪林區大粗坑6之1號
Shelly,準休閒農場,248新北市五股區新五路二段70號
Shelly,車床天地,237120新北市三峽區號
Shelly,龍門露營區C區營地,228新北市貢寮區
Shelly,永賓露營區,232新北市坪林區磨壁潭10-1號
Shelly,山中居私人別墅露營區,231新北市新店區平廣路一段241號
Shelly,自在草堂露營車改裝,224新北市瑞芳區
Shelly,丹內丹內野奢莊園 DANNEI GLAMPING,228新北市貢寮區仁和路21號
Shelly,享呆露營車出租,231新北市新店區安康路二段287號
Shelly,有木里辦公處,237新北市三峽區有木里193號
Shelly,樂見山露營區,336桃園市復興區成福路
Shelly,飛督努休閒 露營區,桃園市復興區20-1號
Shelly,樹不老休閒莊園,336桃園市復興區
Shelly,爺亨溪岸露營區,33644桃園市復興區7鄰15之21號
Shelly,臻美營地,313新竹縣尖石鄉煤源段8鄰36-2號
Shelly,遇見嵨ㄨˇ繞,313新竹縣尖石鄉9號
Shelly,自然野趣露營區(一般營位,313新竹縣尖石鄉新樂農路
Shelly,戀戀天湖露營區,311新竹縣五峰鄉花園村天湖219-15號
Shelly,高台山露營區(狩獵帳),313新竹縣尖石鄉那羅26號臨
Shelly,好麻吉私房景點露營區,311新竹縣五峰鄉196-20
Shelly,童話森林露營地,313新竹縣尖石鄉Unnamed Road
Shelly,尖石夢田營區(狩獵帳),313新竹縣尖石鄉村5鄰270-5號
Shelly,四季露營區,No. 305-2號 No 五峰鄉新竹縣311
Shelly,蘇珊藏美露營區,311新竹縣五峰鄉17 鄰296-28 號
Shelly,馬瀨營地,31141新竹縣鄉花園 村天湖 196-3號
Shelly,綠雲海露營區,312新竹縣橫山鄉
Shelly,遊橘露營區,312新竹縣橫山鄉
Shelly,露營樂3號店(狩獵帳)新竹尖石臻美館,313新竹縣尖石鄉36-2號
Shelly,新竹·五峰露營區,311新竹縣五峰鄉花園村9鄰196-2號
Shelly,櫻花谷露營區,313新竹縣尖石鄉水田4鄰36-1號
Shelly,漫步天湖露營區(狩獵帳),新竹縣五峰鄉219之31號
Shelly,明園星空營地,30504新竹縣新埔鎮52之20號
Shelly,梅后蔓露營區,31141新竹縣五峰鄉花園村8鄰花園185之11
Shelly,翡翠園露營區,311新竹縣五峰鄉1鄰羅山24-16號
Shelly,天湖露營區,311新竹縣五峰鄉
Shelly,緩緩李埔露營區 Huan Libu Camping,31308新竹縣尖石鄉1號1
Shelly,晴空森林,31342新竹縣尖石鄉那羅村煤源產業道路1.5公里右轉晴空小徑1.5公里
Shelly,來！河繞露營區,313新竹縣尖石鄉47號玉峰
Shelly,相思園露營區,313新竹縣尖石鄉96號 錦屏村2鄰比麟96號
Shelly,依山傍水休閒露營區,313新竹縣尖石鄉九鄰79-3號
Shelly,巴萬五峰露營區,311新竹縣五峰鄉
Shelly,森林遇,313新竹縣尖石鄉號
Shelly,秘花園親子露營區,313新竹縣尖石鄉錦屏村12鄰那羅209號
Shelly,熊麻吉親子露營區,313新竹縣尖石鄉那羅209之七
Shelly,馬武督露營趣,新竹縣關西鎮306
Shelly,函館露營區,313新竹縣尖石鄉義興村9鄰107-1號
Shelly,馬月台露營區,313新竹縣尖石鄉馬胎21-6號
Shelly,喜嵐田園露營區,313新竹縣尖石鄉
Shelly,668露營區,313新竹縣尖石鄉水田道路139號台灣 號
Shelly,格步霧露營區(新竹縣五峰鄉),311新竹縣五峰鄉311-1
Shelly,水田六四露營區,313新竹縣尖石鄉水田道路64-1號
Shelly,老鷹溪107號營地,313新竹縣尖石鄉7號
Shelly,景色天地露營區,313新竹縣尖石鄉內灣老街在導航上山路線才是正確道路
Shelly,新竹內灣,312新竹縣橫山鄉35號
Shelly,賓。狗窩露營區,311新竹縣五峰鄉
Shelly,逗留營地,310新竹縣竹東鎮16之13號
Shelly,蟬說: 霧繞 Chanshuo Woorao glamping,311新竹縣五峰鄉
Shelly,福興小農庄,312新竹縣橫山鄉104號
Shelly,樸真園六曲窩生態園區,306新竹縣關西鎮六區窩道路
Shelly,觀雲露營區,311新竹縣五峰鄉
Shelly,山的那一邊露營區,311新竹縣五峰鄉18鄰311-37號
Shelly,Payan露營區,313新竹縣尖石鄉
Shelly,嫻嫻＆棠棠露營區,國道3號24°43'51. 121°13'14.0E
Shelly,八五森林露營地,313新竹縣尖石鄉號
Shelly,戈巴侖露營區,311新竹縣五峰鄉和平部落
Shelly,樂奔露營區,313新竹縣尖石鄉水田150之5號
Shelly,忘憂農莊露營區,312新竹縣橫山鄉
Shelly,仙境微醺莊園,311新竹縣五峰鄉312-11號仙境微醺莊園
Shelly,關西大象露營地,30648新竹縣關西鎮仁安里拱子溝九鄰26號
Shelly,小米露營區,311新竹縣五峰鄉
Shelly,營墅風晴露營區,306新竹縣關西鎮錦山里9鄰96號
Shelly,泰里埔露營區,313新竹縣尖石鄉3鄰24號
Shelly,B612 (夕淞度日) 生態露營場,31141新竹縣五峰鄉竹林村1鄰羅山24-22號
Shelly,星院露營區,新竹縣北埔鄉314 鄉下 10 鄰
Shelly,微居。解秘,306001新竹縣關西鎮號
Shelly,石牛山露營區,306新竹縣關西鎮石牛山石福宮旁
Shelly,觀星賞月露營區,313001新竹縣尖石鄉
Shelly,花湖美地露營區,311新竹縣五峰鄉花園村9鄰196號
Shelly,悠野's露營區,313新竹縣尖石鄉123號
Shelly,閣馬雅農場附設露營區,121313 TW 新竹縣 尖石鄉 24.7217172002244.2528473
Shelly,KT露營區,311新竹縣五峰鄉花園村8鄰167-1號
Shelly,野漾莊園,312003新竹縣橫山鄉馬福89號
Shelly,芬蘭露營區,311新竹縣五峰鄉
Shelly,溪遊記露營區,313新竹縣鄉義興村六鄰馬胎3之2號
Shelly,怡德露營區,313新竹縣尖石鄉水田147
Shelly,馬胎露比森林露營區,313001新竹縣尖石鄉義梅道路
Shelly,野足營地,311新竹縣五峰鄉天湖9鄰196-6號
Shelly,五峰鄉梅山頂露營區,311五峰鄉羅山林道南線24-10 號
Shelly,仙境露營區,313新竹縣尖石鄉錦屏村6鄰吹上39之2
Shelly,移動城堡露營區,311新竹縣五峰鄉310-3號
Shelly,新竹舞蜜露營區,313新竹縣五峰鄉竹林村
Shelly,起初休閒露營區,313新竹縣尖石鄉梅花村9鄰242-6號
Shelly,新竹縣峨眉湖吾家農場,315新竹縣峨眉鄉環湖路8-8號
Shelly,油羅溪森林花園,313新竹縣尖石鄉新樂村水田57號
Shelly,北得拉曼休閒營地,206新竹縣尖石鄉新樂村5鄰上水田150-2號
Shelly,歐莎露營區Osa Camping,313新竹縣尖石鄉2鄰
Shelly,尖石之美露營渡假村,313新竹縣尖石鄉1之1號
Shelly,斯摩亞露營地,335新竹縣關西鎮10鄰106號
Shelly,威尼斯溫泉露營地,312新竹縣橫山鄉33號
Shelly,印象尖石露營區,313新竹縣尖石鄉煤源29–3號
Shelly,窩.露營,311新竹縣五峰鄉羅山1鄰4-9號
Shelly,怡然自德露營區,313新竹縣尖石鄉梅花村
Shelly,霞喀羅露營地,村民 石 324 之 20 五峰鄉新竹縣311
Shelly,分享家樹苗園,313001新竹縣尖石鄉號
Shelly,杉嵐營地,311新竹縣五峰鄉
Shelly,花現營地,313新竹縣尖石鄉部落
Shelly,尤命築園露營區,313新竹縣尖石鄉新樂村煤源段8號
Shelly,高山寨露營區,311新竹縣五峰鄉上比來道路
Shelly,小尖石露營區,313新竹縣尖石鄉
Shelly,露露米露營區,311新竹縣五峰鄉
Shelly,寶石蘭露營區,31332新竹縣尖石鄉61之8號
Shelly,有愛一家露營區,311新竹縣五峰鄉一鄰23-5號
Shelly,松木青露營區,311新竹縣五峰鄉大隘村14鄰266號
Shelly,大東田露營區,311新竹縣五峰鄉
Shelly,大霸雅脈露營區,311新竹縣五峰鄉
Shelly,香吉樂活露營趣,311新竹縣五峰鄉羅山2鄰31號
Shelly,瑞森雲烟露營區,313新竹縣尖石鄉錦屏後山產業道路184號
Shelly,鐵露局露營區,311新竹縣五峰鄉花園村天湖221-5號
Shelly,蟬說: 霧語 Chanshuo WooYuu,311新竹縣五峰鄉白蘭315-5號
Shelly,谷漢休閒露營區,313新竹縣尖石鄉14鄰160之1號
Shelly,雪花的露營區,313新竹縣尖石鄉梅花9鄰236號
Shelly,尖石天空小木屋露營區,313新竹縣尖石鄉
Shelly,老牛露營區,新竹縣五峰鄉18 鄰 312-3 號
Shelly,梅花梯田免裝備露營區,313新竹縣尖石鄉3鄰梅花79之3號
Shelly,野薑花露營區,313新竹縣尖石鄉錦屏村那羅一部落
Shelly,比拉多露營區,311新竹縣五峰鄉25號
Shelly,水田谷露營地,313新竹縣尖石鄉水田第4鄰123之1號
Shelly,尖石鄉 星光閃閃露營區,313新竹縣尖石鄉玉峰段682號
Shelly,梅村露營區,313新竹縣尖石鄉185號
Shelly,飛鼠不渴山上學校露營農場,336桃園市復興區
Shelly,福田美地休閒農場,336桃園市復興區庫志道路11鄰24號
Shelly,沒搞頭露營區,33643桃園市復興區6鄰21號
Shelly,美腿山親子露營區,336桃園市復興區11鄰75號
Shelly,葛鹿營地,336桃園市復興區2鄰合流48之8號
Shelly,樂悠露營,33643桃園市復興區奎輝里2鄰下奎輝3-1號
Shelly,溪口台露營渡假園區(部落體驗&旅居車),336桃園市復興區羅馬路二段268號
Shelly,森森親子露營區,335桃園市大溪區福山一路118-1號
Shelly,亞霧香草營區,336桃園市復興區
Shelly,八度野溪露營區(免裝備露營車,336桃園市復興區羅馬路三段238號
Shelly,Kusu 庫司景觀露營區,336桃園市復興區336 TW 桃園市 復興區 復興區庫志道路35之30 24°49'11.0''N 121°24
Shelly,叢林開始懶人露營區Glamping,325桃園市龍潭區德湖街369號
Shelly,溫度露營區,336桃園市復興區12號
Shelly,壘薩露營區,33643桃園市復興區卡普
Shelly,桃園復興鄉露營地,33644桃園市復興區8鄰26號
Shelly,比亞山露營區,336桃園市復興區
Shelly,塔木休閒農場,336桃園市復興區10鄰29之5號
Shelly,可飛鹿露營區,336桃園市復興區羅馬公路2鄰12號52.3km處之3
Shelly,長興山水靜露營區,336桃園市復興區長興里17鄰54號
Shelly,恩愛農場露營地,桃園市復興區華陵里巴崚143之1號
Shelly,好馨勤齊露營,336桃園市復興區羅馬公路57K處號
Shelly,布納星空露營區,桃園市復興區25之6號
Shelly,夢想家園露營區,336桃園市復興區華陵里9鄰85號
Shelly,利河伯休閒農園露營區,336桃園市復興區爺亨段
Shelly,熊老大露營區,336桃園市復興區
Shelly,露薩 Lu Sa 露營區,336桃園市復興區號
Shelly,泰雅秘境露營區,336桃園市復興區2號
Shelly,蜻蜓露營區,336桃園市復興區奎輝里7鄰嘎色鬧2號
Shelly,山雲海露營農場,336桃園市復興區中心路156號
Shelly,庫巴露營區,336桃園市復興區庫志道路31-3號
Shelly,比固花園,336桃園市復興區
Shelly,伊萬農場露營區,336桃園市復興區高義里雪霧鬧
Shelly,達彥休閒露營區,336桃園市復興區庫志道路32號
Shelly,達拉蓋風景露營區(狩獵帳),336桃園市復興區
Shelly,拉拉山長榮果園露營區,336桃園市復興區中心路138-2號
Shelly,雲霧農場,336桃園市復興區色霧鬧10-21號
Shelly,馬灣露營區,336桃園市復興區霞雲里
Shelly,奎輝營地,336桃園市復興區奎輝里5鄰12號
Shelly,清龍谷渡假中心,33643桃園市復興區流霞路50號
Shelly,翠墨莊園,336桃園市復興區
Shelly,石秀灣五葉松露營區,336桃園市復興區羅馬路五段330號
Shelly,爺亨溫泉夢幻莊園露營區,336桃園市復興區爺亨道路24號
Shelly,歐陽莊園,336桃園市復興區高義蘭道路65之7號
Shelly,上杉露營區,336桃園市復興區6鄰28之6
Shelly,哇吶訕露營區,336桃園市復興區14之18號
Shelly,培雅境休閒露營區,336桃園市復興區羅馬公路
Shelly,拉拉山樂野露營區,336桃園市復興區華陵村11鄰180-11號
Shelly,谷力農場(狩獵帳),336桃園市復興區義盛村10鄰義興29號
Shelly,拉拉山木村的家露營區,336桃園市復興區中心路156-2號
Shelly,拉拉山塔曼之光露營區,336桃園市復興區中心路315號
Shelly,綠果子休憩站,335桃園市大溪區美山路一段號166巷65號
Shelly,桃園•復興露營區,336桃園市復興區
Shelly,馬莎度露營區,336桃園市復興區
Shelly,山大王休閒農莊,336桃園市復興區成福路
Shelly,木河谷營地,336桃園市復興區
Shelly,拉拉山觀星營地,33644桃園市復興區14鄰143-7號
Shelly,和平橋露營區,336桃園市復興區上宇內道路
Shelly,一號地露營區,336桃園市復興區
Shelly,古渡園地,33644桃園市復興區中心路86巷11號
Shelly,雲河露營農場,336桃園市復興區中心路
Shelly,桃園復興鄉桃子菇菇休閒農莊,336桃園市復興區中心路148號
Shelly,桃園市龍潭區石門國民小學第二校區,325桃園市龍潭區民治路100號
Shelly,Hola吼辣露營農場,336桃園市復興區16號
Shelly,摩亞露營區,336桃園市復興區高義村雪霧鬧7鄰10-8號
Shelly,遠見之星露營區,336桃園市復興區中心路86 巷28 號
Shelly,融奎霖休閒露營區,336桃園市復興區13號
Shelly,Colin 亞力山大露營區,65-9 號 高義蘭道路復興區桃園市336
Shelly,比該溪生態露營區,336桃園市復興區9鄰89-1號
Shelly,蝶木窩露營休閒坊,336桃園市復興區羅浮里4鄰羅浮92號
Shelly,Insuna‘尹宿納露營區,336桃園市復興區
Shelly,清清露營區,336桃園市復興區207-4、
Shelly,拉拉山芘雅尚露營區,336桃園市復興區141-9號
Shelly,綠境農場,335桃園市大溪區中華路369巷33號
Shelly,山上陽光休閒農莊,336桃園市復興區一鄰號
Shelly,雅比斯露營區,336桃園市復興區華陵里9鄰69號
Shelly,高坡金磐石露營區,336桃園市復興區5號15
Shelly,喜樂麻谷烤肉露營休閒園區,336桃園市復興區霞雲里4鄰佳志13-1號
Shelly,拉拉山得拉互露營區,336桃園市復興區
Shelly,戀戀雅渡農場,336桃園市復興區色霧鬧7鄰10之3號
Shelly,山豬王露營區,336桃園市復興區7鄰1之12號
Shelly,阿爸的故事,336桃園市復興區華陵里華陵村11鄰180號
Shelly,貳柒珈琲露營區,336桃園市復興區30-3號
Shelly,施工中暫停服務,336桃園市復興區
Shelly,兔子坑露營區,325桃園市龍潭區永昌路51巷18弄108之2號
Shelly,卡普休閒農莊(Qapu Camping Area),336桃園市復興區23號
Shelly,杉與山 露營區,336桃園市復興區中心路86巷
Shelly,拉嘎露營區,桃園市復興區霞雲里佳志14之1號
Shelly,享慢活 Double 5,327004桃園市新屋區港興路310號
Shelly,微笑草地,33644桃園市復興區中心路86巷21號
Shelly,那山達雅賀,336桃園市復興區9-6號
Shelly,Mliyang米利漾 x Camping Chill 露營,336桃園市復興區2號
Shelly,基拉耳山莊,336桃園市復興區溪口路16巷29號
Shelly,蘋果農莊,336桃園市復興區色霧鬧7鄰10-20號
Shelly,庭綩小棧,桃園市復興區1鄰16-3號
Shelly,天成逸旅,325桃園市龍潭區悅華路100號
Shelly,爺亨溫泉露營區,336桃園市復興區爺亨道路24號
Shelly,享恩商店露營區,33643桃園市復興區溪口路86號
Shelly,拉拉山．沄峰農場,336桃園市復興區華陵村10鄰143之22號
Shelly,桃園復興大樹下露營區,336桃園市復興區32號
Shelly,蒝區,32659桃園市楊梅區幼獅路一段439號東南側
Shelly,山大王露營區,336桃園市復興區成福路
Shelly,友善露營區,336桃園市復興區中心路160-7號
Shelly,雅緻露營區,33644桃園市復興區三光段122地號果園
Shelly,休旅家 梧桐心境露營區,325桃園市龍潭區粗坑路622巷280號
Shelly,花蓮海洋露營區,974花蓮縣壽豐鄉大橋30之6號號
Shelly,花蓮悠悠太魯閣露營區,972花蓮縣秀林鄉民治132之11號
Shelly,巴罕營家,97253花蓮縣秀林鄉70-36
Shelly,Ocean Chill 海憩露營區,971花蓮縣新城鄉順安村
Shelly,踏浪星辰豪華露營Camp,971花蓮縣新城鄉七星街41巷11號
Shelly,花蓮鯉魚潭露營渡假村,974花蓮縣壽豐鄉池南路二段90號
Shelly,高巢農場,972花蓮縣秀林鄉崇德192之43號
Shelly,花蓮8個浪露營區,972花蓮縣秀林鄉
Shelly,花蓮光復吉利潭星光露營區,976花蓮縣光復鄉256號
Shelly,那座山隱癮coffee,972花蓮縣秀林鄉
Shelly,崇德瑩農場,972花蓮縣秀林鄉下台地
Shelly,山棧水居,972花蓮縣秀林鄉19-12號
Shelly,鷹谷露營區,977花蓮縣豐濱鄉Unnamed Road
Shelly,石梯坪營地,977花蓮縣豐濱鄉石梯坪52號
Shelly,風七十營地,974花蓮縣壽豐鄉大橋36-9號
Shelly,嚮海·邊境Yearning for the sea,972花蓮縣秀林鄉崇德192之45號
Shelly,野宅 ye.zhai,972花蓮縣秀林鄉192之28號
Shelly,後山星月,974花蓮縣壽豐鄉月眉村月眉二段37-1號
Shelly,利巴哈克露營區,972花蓮縣秀林鄉192之21號
Shelly,後山逍遙露營區,97643花蓮縣光復鄉建國路一段15巷5-6號
Shelly,石寨美自然生態工坊,979花蓮縣萬榮鄉
Shelly,山民治97漫活營地,972002花蓮縣秀林鄉民治97號
Shelly,醉浪露營區,974花蓮縣壽豐鄉大橋30-7號
Shelly,眺浪一園區,977花蓮縣豐濱鄉
Shelly,吉米雄露營地,978花蓮縣瑞穗鄉興鶴路一段42號
Shelly,花蓮吉安海邊野營點,973花蓮縣吉安鄉
Shelly,AKI Camping 車宿露營區,97242花蓮縣秀林鄉98-22號
Shelly,奇蹟農場,972花蓮縣秀林鄉
Shelly,白鮑溪休閒農場,972花蓮縣秀林鄉
Shelly,納格林野營,976007花蓮縣光復鄉
Shelly,眺躍鳥水域活動營區,972花蓮縣秀林鄉
Shelly,Aki camping,972花蓮縣秀林鄉佳民98號
Shelly,海放你基地 Have Funny Base,977004花蓮縣豐濱鄉永豐路11-5號
Shelly,山風露宿,97943花蓮縣萬榮鄉219號
Shelly,七腳川露營民宿,973花蓮縣吉安鄉福昌路800號
Shelly,夢星緣,974花蓮縣壽豐鄉
Shelly,#太陽農莊#CIDAL農莊#預約制風味餐#寵物友善空間#機車天空之鏡,972花蓮縣秀林鄉崇德192之9號
Shelly,七彩湖營地,979花蓮縣萬榮鄉
Shelly,奇蹟野戰營,972花蓮縣秀林鄉加灣地號436號
Shelly,鹽寮民宿,974花蓮縣壽豐鄉花東海岸公路39號
Shelly,白石池營地,Baishi Chi 萬榮鄉花蓮縣979
Shelly,松村,981花蓮縣玉里鎮號
Shelly,太平溪源營地,982花蓮縣卓溪鄉
Shelly,新富興露營區,978花蓮縣瑞穗鄉拉吉禾部落聯絡道路
Shelly,魚的家休閒農場,976花蓮縣光復鄉西富村民有街51-2號
Shelly,大理石營地,972花蓮縣秀林鄉
Shelly,太平谷營地,982花蓮縣卓溪鄉
Shelly,安通十全果園露營區,981花蓮縣玉里鎮981
Shelly,丘壑營地,982花蓮縣卓溪鄉
Shelly,荖溪營地,972花蓮縣秀林鄉
Shelly,雪玉工作室,974009花蓮縣壽豐鄉592號
Shelly,雪玉工作室,974009花蓮縣壽豐鄉橋上岸弱肉強😑
Shelly,超好躺的木頭,970花蓮縣花蓮市
Shelly,奇萊山北峰三叉營地,972花蓮縣秀林鄉
Shelly,豐盛美地,975花蓮縣鳳林鎮鳳林鎮中泰路37號
Shelly,許家福園,978花蓮縣瑞穗鄉Unnamed Road
Shelly,南雙池營地,982花蓮縣卓溪鄉
Shelly,牛山呼庭,974花蓮縣壽豐鄉牛山39-5號
Shelly,CIDAL 阿美式風味餐,972花蓮縣秀林鄉
Shelly,黑水塘(尖山下山屋舊址),982花蓮縣卓溪鄉
Shelly,臺灣池營地,972花蓮縣秀林鄉
Shelly,水牛山農牧場,974花蓮縣壽豐鄉牛山32號
Shelly,莫那營地,972花蓮縣秀林鄉崇德99之20號
Shelly,瑞穗露營區2024,978花蓮縣瑞穗鄉中山路三段215號
Shelly,綠水營地,972花蓮縣秀林鄉
Shelly,花蓮崇德瑩聽海童話村,97253花蓮縣秀林鄉崇德瑩-聽海童話村
Shelly,花蓮崇德,972花蓮縣秀林鄉材下台地霧溪旁
Shelly,東豐露營區,981花蓮縣玉里鎮11之1號
Shelly,O.B露營小屋,972花蓮縣秀林鄉號
Shelly,放空荒野,975花蓮縣鳳林鎮
Shelly,谷風野趣農場,982花蓮縣卓溪鄉古風村石平51之6號
Shelly,鍾佳地,971花蓮縣新城鄉花6鄉道971號
Shelly,集禾小農,981花蓮縣玉里鎮大橋223-3號
Shelly,橄欖莊園,363004苗栗縣公館鄉
Shelly,一畝稻田露營區,353苗栗縣南庄鄉5鄰64-2號
Shelly,柚香露露野樂地 Yio au Champ,366苗栗縣銅鑼鄉1號
Shelly,星樂親子露營,36542苗栗縣泰安鄉68號
Shelly,南山傳奇露營區(自搭帳.露營車.狩獵帳),353苗栗縣南庄鄉大湳聯絡道路二
Shelly,紅毛印象露營窩P1,35345苗栗縣南庄鄉五 鄰66 號紅 毛 館
Shelly,雲霧灣灣,364苗栗縣大湖鄉9號
Shelly,一片天露營區(自搭帳.狩獵帳),365苗栗縣泰安鄉4鄰69-1號
Shelly,逗點露營區,352苗栗縣三灣鄉內灣村龍峎頂5-17號
Shelly,河岸星空 露營地,353苗栗縣南庄鄉南江村小東河14鄰8-1號
Shelly,寬闊露營區(狩獵帳),365苗栗縣泰安鄉
Shelly,苗栗自由露营區,366苗栗縣銅鑼鄉興隆村193號
Shelly,四季非露不可親子露營區,36446苗栗縣大湖鄉
Shelly,橘舍三食,369苗栗縣卓蘭鎮西坪路43-15號
Shelly,請按照此導航路線,365苗栗縣泰安鄉
Shelly,南庄麒麟山露營區,353苗栗縣南庄鄉小東河11號
Shelly,森日快樂露營區,369苗栗縣卓蘭鎮36-29號
Shelly,裕見生活,353苗栗縣南庄鄉東江38之12號
Shelly,叢林開始懶人露營區Glamping,362苗栗縣頭屋鄉仁隆87號
Shelly,坐忘草堂露營區,366苗栗縣銅鑼鄉盛隆5鄰45-20號
Shelly,苗栗泰安目上景露營區,365苗栗縣泰安鄉
Shelly,司馬限雲端露營區,365苗栗縣泰安鄉司馬限5鄰20號
Shelly,苗栗縣大湖鄉彩雲親子露營區,364苗栗縣大湖鄉7號
Shelly,桃樂絲露營區,363苗栗縣公館鄉尖山40號
Shelly,川夏野奢露營區,353苗栗縣南庄鄉福南17鄰50號
Shelly,苗栗泰安 UP露營區,苗栗縣泰安鄉93之10
Shelly,露營區推薦,36541苗栗縣泰安鄉錦水村圓墩34-1號
Shelly,荒野半島露營區,362003苗栗縣頭屋鄉仁隆20鄰62號
Shelly,漁光中露營區 Fisher Campground,369苗栗縣卓蘭鎮27-2號
Shelly,赫利豐岳露營區,苗栗縣南庄鄉353
Shelly,浮岸別境(Buan Byacing.),365苗栗縣泰安鄉梅興道路
Shelly,自然圈農場 LoFi Land,369苗栗縣卓蘭鎮西坪36-20號
Shelly,巴卡的天空(露營區．鄉村露營車．自搭帳．歐式料理．日式燒肉),353苗栗縣南庄鄉30-16號
Shelly,紮營趣,36445苗栗縣大湖鄉大南村8鄰 大南勢34-1號
Shelly,司馬限360度景觀露營區,365苗栗縣泰安鄉
Shelly,,365苗栗縣泰安鄉第5鄰高熊卡47之18號Kaohuing T'Ai-Wan
Shelly,風露營,365苗栗縣泰安鄉馬那邦64號
Shelly,上巴爺爺露營區,36541苗栗縣泰安鄉橫龍山9鄰44號
Shelly,三號秘境露營區,苗栗縣三灣鄉16-2號
Shelly,微笑山丘露營區,364苗栗縣大湖鄉義和村和興22-5號
Shelly,微時光露營園區,362苗栗縣頭屋鄉4鄰46-1號
Shelly,古道秘境露營區,Unnamed Road 泰安鄉苗栗縣365
Shelly,水玉妮光GC,369苗栗縣卓蘭鎮
Shelly,星野天空露營區,苗栗縣泰安鄉小南角3鄰66之1號365
Shelly,苗栗卓蘭鎮代觀山湖畔農場露營區,369003苗栗縣卓蘭鎮景山119-3號
Shelly,武嵐露營區,365苗栗縣泰安鄉10鄰橫龍山64之36號
Shelly,苗栗南庄金成露營渡假山莊,353苗栗縣南庄鄉東村東江2鄰26號
Shelly,逸視界,365苗栗縣泰安鄉3鄰63號
Shelly,放牛吃草露營區,365苗栗縣泰安鄉大興村高熊卡4鄰61-8號
Shelly,鹿場青松露營區(本部),353苗栗縣南庄鄉鹿場聯絡道路24鄰 14-2號
Shelly,瑪那邦之星,36446苗栗縣大湖鄉
Shelly,亞哇斯露營區,365苗栗縣泰安鄉八卦村3鄰53號
Shelly,拍片場露營地,363苗栗縣公館鄉開礦2626 號
Shelly,Coffee Industry,364苗栗縣大湖鄉竹橋20號1F
Shelly,伊夕尚露營區,365苗栗縣泰安鄉
Shelly,帆船村露營區,353苗栗縣南庄鄉
Shelly,馬嘟溪營地,365苗栗縣泰安鄉清安村洗水坑114之9號
Shelly,南庄慢生活 露營區,353苗栗縣南庄鄉4鄰72-3號
Shelly,秘境露營區,353苗栗縣南庄鄉
Shelly,夏綠地露營區,364苗栗縣大湖鄉
Shelly,寨酌然 野奢庄園 the Forest museum,369苗栗縣卓蘭鎮壢西坪43-20號
Shelly,斷橋部落．輕奢露營,367003苗栗縣三義鄉
Shelly,有鬼露營區,苗栗縣南庄鄉鹿 場 部落 24 鄰 11 號
Shelly,司馬限山嵐露營區,365苗栗縣泰安鄉
Shelly,花石間景觀露營區,365苗栗縣泰安鄉
Shelly,巧遇露營區,363苗栗縣獅潭鄉八角坑34號
Shelly,水云山植物景觀休閒農場,365苗栗縣泰安鄉65號高熊卡
Shelly,啊！露吧Camping聖地 (ChinUp Cafe),353苗栗縣南庄鄉35號紅毛館
Shelly,17 杉境露營休閒農場,苗栗縣獅潭鄉354 35438-1號
Shelly,自由之丘露營地,352苗栗縣三灣鄉龍峎頂6-2號
Shelly,星原谷露營區,353004苗栗縣南庄鄉南江村里金館8鄰25號
Shelly,天晴野舍露營區,365苗栗縣泰安鄉Unnamed Road
Shelly,苗栗大湖大南之美露營區,364苗栗縣大湖鄉57號
Shelly,山居營地,365苗栗縣泰安鄉清安村洗水坑大坪部落
Shelly,跳跳城堡,363苗栗縣公館鄉福星村福星7鄰227號
Shelly,苗栗筑林居露營區,364苗栗縣大湖鄉
Shelly,山峰點伙露營區,357苗栗縣通霄鎮2鄰圳頭23之6號
Shelly,老官道休閒農場,364苗栗縣364 TW 苗栗縣 大湖鄉 新開村新開5鄰12-1號
Shelly,虹杉露營區,365苗栗縣泰安鄉大興村高熊卡4鄰57-5號
Shelly,天狗好地方露營區,36545苗栗縣泰安鄉4鄰天狗7之6號
Shelly,小岔路露營區,354苗栗縣獅潭鄉和興39-1號
Shelly,云仙谷休閒露營區,36541苗栗縣泰安鄉15號
Shelly,鷂婆山露營區,365苗栗縣泰安鄉小南角2鄰6號
Shelly,松山露營區,369苗栗縣卓蘭鎮松山農路
Shelly,不遠山莊,367苗栗縣三義鄉雙連潭道路9鄰199號
Shelly,遊牧民族露營區,365苗栗縣泰安鄉大興村5鄰高熊卡47-6號
Shelly,逸山露營,35877苗栗縣苑裡鎮22-7號
Shelly,小份美營地,352苗栗縣三灣鄉小份美20-1 號
Shelly,高熊卡露營區,365苗栗縣泰安鄉
Shelly,星空夜語露營地,357苗栗縣通霄鎮4鄰42號
Shelly,南庄山河苑露營區,353苗栗縣南庄鄉
Shelly,鄉町露營區,35242苗栗縣三灣鄉大銅鑼圈88號
Shelly,苗栗泰安一線天露營區,365苗栗縣泰安鄉苗栗縣泰安鄉中興村中象道路3鄰
Shelly,南灣蹓蹓農埸,36541苗栗縣泰安鄉
Shelly,苗栗南庄 蘿菈松靜露營區,No. 22號 石壁 南庄鄉苗栗縣353
Shelly,通霄三合院農庒,357苗栗縣通霄鎮
Shelly,兩朵雲露營區,369苗栗縣卓蘭鎮西坪125之6號
Shelly,撒萬露營區,35345苗栗縣南庄鄉大㓓14鄰30號
Shelly,東耕露營地,369苗栗縣卓蘭鎮西坪里9鄰109-37號
Shelly,藏雲露營一區,365苗栗縣泰安鄉
Shelly,333露營區,369苗栗縣卓蘭鎮雙連道路33之3號
Shelly,紫逸露營區,365苗栗縣泰安鄉麻 必皓 部落
Shelly,花香果樂露營區,364苗栗縣大湖鄉水流東路1之19號
Shelly,水與樹莊園,353苗栗縣南庄鄉18鄰9號
Shelly,雲想家露營區,367苗栗縣三義鄉36-8號
Shelly,KK露營區,365苗栗縣泰安鄉9之16號
Shelly,小白屋農園,369苗栗縣卓蘭鎮老庄17鄰147之15號
Shelly,快樂露營區,365苗栗縣泰安鄉高熊卡4鄰60號
Shelly,逢雲露營區,36545苗栗縣泰安鄉2鄰66-25號
Shelly,禾森 Ichigo 露營區,36445苗栗縣大湖鄉
Shelly,開礦露營區,363苗栗縣公館鄉
Shelly,吻吻露營區 Wen Wen Camping Area,353苗栗縣南庄鄉
Shelly,逸境生態露營區,64343雲林縣林內鄉自強路1巷23之8號
Shelly,夢遊仙境露營區,64650雲林縣古坑鄉文淵路2巷
Shelly,露上樟湖露營區,64646雲林縣古坑鄉石橋50之5號
Shelly,林家花園休閒露營區,643雲林縣林內鄉忠庒18-20號
Shelly,古坑伴山邀休閒農場露營區,64647雲林縣古坑鄉華南45號
Shelly,佳南美地露營區,64646雲林縣古坑鄉
Shelly,九九莊園豪華懶人露營,640雲林縣斗六市十三南路65-1號
Shelly,十三番生態農場露營區,640雲林縣斗六市
Shelly,椬梧滯洪池露營區(Free Campsite),653雲林縣口湖鄉
Shelly,石壁休閒農場,646雲林縣古坑鄉
Shelly,海口故事館 免費露營 園區,653雲林縣口湖鄉海豐路50-12號
Shelly,杉林雲境,557南投縣竹山鎮安山路41-1號
Shelly,仙夷農場,646雲林縣古坑鄉
Shelly,湖光山舍,646雲林縣古坑鄉1-12號
Shelly,楓野民餐,646雲林縣古坑鄉號
Shelly,十字關露營區,646雲林縣古坑鄉
Shelly,華山童軍營地,646雲林縣古坑鄉華山41號
Shelly,騰雲農莊露營區,544南投縣國姓鄉長石巷42號
Shelly,山中奇緣明山莊,檨 林 路 43 號 斗六市雲林縣640
Shelly,馬蹄蛤露營場,653雲林縣口湖鄉
Shelly,古坑5號莊園,646雲林縣古坑鄉號
Shelly,松美莊園,631雲林縣大埤鄉
Shelly,仙地露營度假村,646雲林縣古坑鄉桃源1之29號
Shelly,雲淡風清營地,541南投縣中寮鄉瀧林巷81-8號
Shelly,星夜露營區,64650雲林縣古坑鄉朝陽路1之310號
Shelly,咖啡鄉 露營區,646雲林縣古坑鄉尖山坑路69號
Shelly,深山林內生態農場,557南投縣竹山鎮大鞍里頂林路累藤巷6-66號
Shelly,夕霧山莊,646雲林縣古坑鄉華南村7 之 15 號
Shelly,山思雲想,55770南投縣竹山鎮大林巷16-32號
Shelly,大雪山觀山嶺露營區,423台中市東勢區東坑路978-7號
Shelly,楓寧翡翠咖啡莊園,646雲林縣古坑鄉神木對面
Shelly,仙地咖啡,646雲林縣古坑鄉桃源1之31號
Shelly,翠林農場,555南投縣魚池鄉投69-3鄉道555號
Shelly,湖山水庫秘境露營區,557南投縣竹山鎮鯉行路
Shelly,日出藏雲,546022南投縣仁愛鄉親和巷42之3附3
Shelly,半天岩梅王親子露營區,600嘉義縣番路鄉大華公路六段16.5
Shelly,楠林與露,558南投縣鹿谷鄉愛鄉路101-17號
Shelly,依星生態農場,No. 1-1號 頂坑巷 中寮鄉南投縣541
Shelly,喜樂福休閒露營區,54446南投縣國姓鄉北港村長北路95-20號
Shelly,上山樂活露營區,557南投縣竹山鎮頂林路461號
Shelly,雲野露營區,557南投縣竹山鎮中坑路318號
Shelly,山湖水岸,557南投縣竹山鎮頂林路562之5號
Shelly,山林好蒔光露營區,546南投縣仁愛鄉高峰巷70附1號
Shelly,國姓露營,544南投縣國姓鄉長北路
Shelly,清境愛和華林園,546南投縣仁愛鄉榮光巷38附1號
Shelly,廁所,648雲林縣西螺鎮建興路358號
Shelly,秋之林自然生態園區,604嘉義縣竹崎鄉
Shelly,瑞里幼葉林露營區,603嘉義縣梅山鄉幼葉林3鄰69號
Shelly,芳秀露營區,603嘉義縣梅山鄉圳北村麻園寮5鄰23-6號
Shelly,賣一天民宿露營區,646雲林縣古坑鄉80號
Shelly,露營樂2號店(狩獵帳),80545高雄市旗津區旗津三路51號
Shelly,內門瑞山樂活田莊露營區,845高雄市內門區田子墘2 號
Shelly,田子路貳之壹露營區,845高雄市內門區
Shelly,那次嵐露營區,849高雄市那瑪夏區
Shelly,六龜新發麒麟露營區,844高雄市六龜區獅山15之20號
Shelly,桃源溪露營區,848高雄市桃源區205號
Shelly,彩虹森林快樂農場露營區,844高雄市六龜區和平路290 號
Shelly,輕風椰林,No. 70 三民路六龜區高雄市844
Shelly,六龜快樂熊露營區,844004高雄市六龜區裕濃路1之7號
Shelly,野獸休閒基地,844高雄市六龜區和平路151-16號
Shelly,飄漂生態農場,843高雄市美濃區獅山街73之8號美濃三聖堂旁
Shelly,情人谷休閒營地,高雄市茂林區68號15
Shelly,美圳露營區,843高雄市美濃區中正路二段58巷39號
Shelly,六龜童趣休憩露營區,844高雄市六龜區光明巷40號
Shelly,鳳之凰露營區,848高雄市桃源區15-12號
Shelly,愛琴海岸海景渡假農場,827高雄市彌陀區新庄路1-268號
Shelly,高雄茂林_萬山寨休閒露營區,851高雄市茂林區萬山里
Shelly,高雄同學農場,843高雄市美濃區吉洋里外六寮500號
Shelly,雅悠露營區,849高雄市那瑪夏區平和巷209之10號
Shelly,家營農場露營區,844高雄市六龜區裕濃路81巷25-36號
Shelly,貴梅露營區,849高雄市那瑪夏區23.250880120號
Shelly,高雄茂林_春天生態農場,851高雄市茂林區萬山里萬山巷38-20號
Shelly,藤枝好望角露營區,848高雄市桃源區732 號
Shelly,露碼LOMAH休閒營區,高雄市桃源區15-9號
Shelly,大樂休閒農場,84049高雄市大樹區統嶺路62-19號
Shelly,一山沐露營區,851高雄市茂林區
Shelly,和風休閒露營區,848高雄市桃源區南橫公路三段300號
Shelly,萬山仙境露營區,85141高雄市茂林區茂林巷39之66號
Shelly,南屏山露營區,842高雄市旗山區中寮二路49之2號
Shelly,遠山望月 花旗木林草坪露營區,844高雄市六龜區
Shelly,依山山露營區,844高雄市六龜區新開路110號
Shelly,Daluhan 露營,848高雄市桃源區
Shelly,豐林農場露營區,高雄市桃源區848
Shelly,橙月緣 露營區,844高雄市六龜區荖濃溪林道
Shelly,山水炎親子露營區,844高雄市六龜區尾庄路55-2號
Shelly,福濃,844高雄市六龜區裕濃路81巷12之30號
Shelly,樂暢園,844高雄市六龜區復興巷37-21號
Shelly,蕭窯鋕寨,824高雄市燕巢區泥火山附近
Shelly,玳菈Daiza,848高雄市桃源區建山巷15-10號
Shelly,民權大橋露營區,849高雄市那瑪夏區台29線
Shelly,梅山露營區,848高雄市桃源區南部橫貫公路
Shelly,麥的莊園露營區,849高雄市那瑪夏區
Shelly,嘻嘎嘎休閒露營,849高雄市那瑪夏區平和巷126號
Shelly,麗湖探索教育園區,842高雄市旗山區旗亭巷500弄99號
Shelly,露舍營家入口,845高雄市內門區華園3912號
Shelly,拉比尼亞露營山莊,849高雄市那瑪夏區平和巷209之1號
Shelly,草地人溫泉露營區,844高雄市六龜區844
Shelly,大樹忘憂園,840高雄市大樹區三和路
Shelly,迪哈您露營區,848高雄市桃源區寶山巷98-3號
Shelly,渡露灣的家,851高雄市茂林區
Shelly,高雄茂林達魯瑪娜露營區,844高雄市六龜區獅山15之20號
Shelly,烏啦露營區,851高雄市茂林區茂林巷15之65號
Shelly,山水炎民宿露營區,844高雄市六龜區尾庒路55-2號
Shelly,集頂山莊園咖啡,848高雄市桃源區寶山巷101號
Shelly,烏巴克藝術空間,高雄市茂林區茂林巷116號
Shelly,內門小田園露營區,845高雄市內門區
Shelly,東長老露營區,845高雄市內門區內興集貨場號
Shelly,文家果園,848高雄市桃源區寶山里
Shelly,蝴蝶谷秘境露營區,849高雄市那瑪夏區
Shelly,代天宮露營區,827高雄市彌陀區
Shelly,隱君子的撒野,820高雄市岡山區三和里菜寮路2-26號
Shelly,土由上園,840高雄市大樹區和山路40號
Shelly,陳家茶園露營區,849高雄市那瑪夏區青山巷40號
Shelly,小長城露營區,851高雄市茂林區132縣10公里處
Shelly,牛食坑生態露營區,815高雄市大社區食坑巷19-8號
Shelly,瑞山樂活田莊民宿區,845高雄市內門區
Shelly,太陽回首的地方,848005高雄市桃源區寶山巷9-9號
Shelly,挪亞方舟露營區,844高雄市六龜區和平路130之5號
Shelly,春日露營,844高雄市六龜區三民路103-16號
Shelly,美濃熊咖啡農場,843高雄市美濃區成功路460巷1 號
Shelly,雄工濕地,807高雄市三民區建工路419號
Shelly,紅橋露營區,848高雄市桃源區梅山巷18號
Shelly,東九道露營區,842高雄市旗山區南寮巷2-18號
Shelly,野營點無水，林相美可遮陽,845高雄市內門區
Shelly,藤枝製茶露營區,848高雄市桃源區寶山巷98 之 10 號
Shelly,大寮山,846高雄市杉林區
Shelly,烏材林覓境營地,814高雄市仁武區林森巷105號
Shelly,勤和休閒營區,848高雄市桃源區南橫公路三段201-5號
