,Name,Campsite,Address
0,Eta,阿里曼山莊,南投縣信義鄉
1,Eta,邊界,南投縣水里鄉新南路
2,Eta,本之山露營區,南投縣中寮鄉
3,Eta,蹦米香三合院露營區,南投縣魚池鄉水尾巷4-2號
4,Eta,伴天聊露營地,南投縣仁愛鄉山林巷
5,Eta,白雲朵朵,南投縣鹿谷鄉凍頂巷32之18號
6,Eta,蔽月山房,南投縣埔里鎮水上巷8號
7,Eta,潺潺森活,南投縣中寮鄉
8,Eta,麒麟岩臼苑,南投縣埔里鎮武界路7-1號
9,Eta,清翠露營區,南投縣仁愛鄉信義巷38附2號
10,Eta,宸羽坊衫,南投縣埔里鎮桃米路12-15號
11,Eta,大塊森林,南投縣仁愛鄉新生村山林巷
12,Eta,鳳凰山日出湖秘密基地,南投縣鹿谷鄉鳳凰村鳳園路88-50號
13,Eta,峰芢苑露營區,南投縣魚池鄉永川巷25之6號
14,Eta,高峰農場,南投縣國姓鄉南港村長石巷42-9號
15,Eta,小豬迷露,南投縣國姓鄉南港村港頭巷
16,Eta,亨宿露營區,南投縣鹿谷鄉光復路8之60號
17,Eta,幸埔森農場,南投縣埔里鎮
18,Eta,合興休閒露營區,南投縣魚池鄉五城村華龍巷73-1號
19,Eta,迦南之地,南投縣仁愛鄉投71鄉道34號
20,Eta,金青松露營區,南投縣國姓鄉北港村北圳巷26-3號
21,Eta,九份二山連興露營區,南投縣國姓鄉鳳鳴巷18之2號
22,Eta,樟湖山居民宿露營區,南投縣國姓鄉港頭巷10-8號
23,Eta,集元果觀光工廠露營區,南投縣集集鎮富山里大坪巷38號
24,Eta,中原秘境,南投縣仁愛鄉
25,Eta,快樂中原,南投縣仁愛鄉互助村原名路43附7號
26,Eta,龍品園,南投縣魚池鄉
27,Eta,露宿,南投縣埔里鎮
28,Eta,綠野森林農場露營區,南投縣埔里鎮西安路一段550巷
29,Eta,夢谷伊優達雅露營區,南投縣仁愛鄉松原巷
30,Eta,玫花露露營區,南投縣埔里鎮東峰路18號
31,Eta,慕名而來,南投縣中寮鄉
32,Eta,陌上冬梅露營區,南投縣信義鄉明德村新開巷11之9號
33,Eta,滿天馨露營區,南投縣仁愛鄉山農巷
34,Eta,非比露營區,南投縣仁愛鄉高峰巷70號
35,Eta,埔里聽瀑森林營地,南投縣埔里鎮武界路33-8號
36,Eta,波尼亞灣,南投縣魚池鄉銃櫃巷18號
37,Eta,青綠園,南投縣魚池鄉五城村五城巷11-22號
38,Eta,廬山日記,南投縣仁愛鄉榮華巷153號
39,Eta,日出藏雲,南投縣仁愛鄉親愛村親和巷
40,Eta,入森林. 露森林,南投縣魚池鄉共和村五馬巷2-30號
41,Eta,綠舍潭果露營區,南投縣埔里鎮蜈蚣里鯉魚路32號
42,Eta,露野森林,南投縣仁愛鄉虎門巷
43,Eta,沙八渡假村,南投縣國姓鄉北港村北原路34-1號
44,Eta,溪寶梅園,南投縣仁愛鄉明月巷95-1號
45,Eta,香茶樹,南投縣魚池鄉華龍巷
46,Eta,森德磊安,南投縣仁愛鄉清風路
47,Eta,石方緣,南投縣信義鄉開信巷1-1號
48,Eta,四心小草,南投縣魚池鄉五城村華龍巷41-8號
49,Eta,森活家露營渡假山莊,南投縣草屯鎮雙冬里雙龍巷5之20號
50,Eta,森之境露營區,南投縣國姓鄉南港二號
51,Eta,舒谷露營區,南投縣仁愛鄉
52,Eta,樹樂露營區,南投縣魚池鄉共和村五馬巷5之1號
53,Eta,161森林,南投縣仁愛鄉原名路66附5號
54,Eta,森露其境渡假村,南投縣埔里鎮種瓜路33-15號
55,Eta,喜樂福,南投縣國姓鄉北港村長北路95-20號
56,Eta,山林好蒔光,南投縣仁愛鄉高峰巷70附1號
57,Eta,森露快樂,南投縣魚池鄉平和巷10號
58,Eta,山林曉境露營區,南投縣國姓鄉南港2號
59,Eta,星夢露營區,南投縣埔里鎮福長路12巷75號
60,Eta,梢楠林民宿露營區,南投縣魚池鄕
61,Eta,史努櫻多肉果園,南投縣仁愛鄉虎門巷61-3號
62,Eta,仙聞露營區,南投縣魚池鄉五城村華龍巷73號
63,Eta,採茶媽媽露營區,南投縣仁愛鄉
64,Eta,田心小營地,南投縣仁愛鄉
65,Eta,童心園,南投縣埔里鎮中成路13之2號
66,Eta,騰雲農莊,南投縣國姓鄉南港村
67,Eta,W.H窩,南投縣鹿谷鄉中正路三段686巷
68,Eta,星空谷露營地,南投縣仁愛鄉中正村平等巷1號
69,Eta,雲的嘉露營區,南投縣國姓鄉南港二號
70,Eta,遇見東平莊園,南投縣埔里鎮覆金路21-1號
71,Eta,漾嵐山庄,南投縣國姓鄉長流村大長路584之9號
72,Eta,雲享清峰,南投縣國姓鄉墘溝村中西巷
73,Eta,友樹溪露營區,南投縣國姓鄉北港村長北路95-26號
74,Eta,埔里紫月樹葡萄營地,南投縣埔里鎮溪南里水牆巷5號
75,Eta,愛露營商店,台中市北屯區崇德九路369號
76,Eta,邦古河那彎,台中市和平區東關路一段松鶴三巷199-11號
77,Eta,晨融家筑,台中市和平區東關路一段松鶴三巷60-16號
78,Eta,谷關365露營區,台中市和平區東關路一段20之5號
79,Eta,哈露米露營區,台中市和平區博愛里東關路一段430號
80,Eta,照哥的家,台中市和平區博愛里裡冷巷86號
81,Eta,家霖農場,台中市和平區東關路一段台電巷122-2號
82,Eta,綠大地露營區,台中市新社區上坪4-6號
83,Eta,裡冷溪探索園區,台中市和平區東關路一段裡冷巷69號
84,Eta,夢鄉農場露營區,台中市東勢區茂興里13鄰東蘭路213號
85,Eta,Momo佳園民宿,台中市新社區協成村協中街189-2號
86,Eta,ㄡ熊熊露營園地,台中市和平區東關路一段松鶴三巷103號
87,Eta,石壁露營區,台中市和平區東關路一段430號
88,Eta,松風谷園區,台中市和平區博愛里東關路一段台電巷122-20號
89,Eta,松鶴唐麻丹,台中市和平區博愛里東關路一段松鶴三巷
90,Eta,松鶴延年,台中市和平區東關路一段松鶴三巷95-11號
91,Eta,司卡尤納,台中市和平區達觀里東崎路一段育英巷47-1號
92,Eta,小熊寶貝麥鄉農村,台中市大雅區上山五路和上山五路55巷
93,Eta,三山來此,台中市北屯區東山路二段183-33號
94,Eta,山上松亭,台中市和平區東關路一段360之5號
95,Eta,彩虹奇菁,台中市東勢區慶福里慶福街26號之2號
96,Eta,巴歌浪藝術園區,台東縣長濱鄉樟原村大峰峰15號
97,Eta,阿里山 迷糊露營區,嘉義縣阿里山鄉樂野村2鄰樂野68號
98,Eta,吉恩典山丘,嘉義縣水上鄉三界埔段532-4地號
99,Eta,美栗民宿露營區,嘉義縣番路鄉公興村下路14號
100,Eta,美淞露營地,嘉義縣水上鄉
101,Eta,三寶山露營區,嘉義縣番路鄉大湖村紅筆仔壽2之8號
102,Eta,草地兄弟,嘉義縣番路鄉大湖村2鄰17附1號
103,Eta,汪爸露營區,嘉義縣阿里山鄉樂野村
104,Eta,鵲子山露營區,宜蘭縣頭城鎮北宜路二段71巷51號
105,Eta,飛亞蘭露營區,宜蘭縣大同鄉茂安村泰雅路五段
106,Eta,舊寮之心,宜蘭縣冬山鄉中山村舊寮路131巷37號
107,Eta,橘子園露營區,宜蘭縣礁溪鄉白石腳路135-1號
108,Eta,山谷星空露營區,宜蘭縣三星鄉泰雅一路301巷71號
109,Eta,石頭屋蝴蝶農場,宜蘭縣冬山鄉梅林路971號
110,Eta,粗坑露營區,宜蘭縣員山鄉粗坑路151號
111,Eta,Uwah露營區,宜蘭縣大同鄉寒溪村華興巷42-18號
112,Eta,無憂花露營區,宜蘭縣礁溪鄉白石腳路157巷88號
113,Eta,又想露營趣,宜蘭縣冬山鄉照安一路360-1號
114,Eta,大羅蘭,新北市烏來區大羅蘭七號
115,Eta,福山達卡露營區,新北市烏來區大羅蘭19之1號
116,Eta,十分自然露營區,新北市平溪區靜安路三段391號
117,Eta,布魯的家,新竹縣五峰鄉桃山村11鄰197-7號
118,Eta,阿貴營地,新竹縣五峰鄉大隘村23鄰466號
119,Eta,愛喜露營區,新竹縣尖石鄉梅花九鄰梅花242號
120,Eta,愛上比來,新竹縣五峰鄉
121,Eta,北得拉曼露營區,新竹縣尖石鄉
122,Eta,巴棍民宿露營區,新竹縣五峰鄉桃山村18鄰311-2號
123,Eta,巴棍杉林,新竹縣五峰鄉茅圃產業道路
124,Eta,北埔星月天空露營區,新竹縣北埔鄉大湖村下大湖12鄰22-30號
125,Eta,白蘭時光,新竹縣五峰鄉
126,Eta,巴斯瓜藍露營區,新竹縣五峰鄉桃山村18鄰312號
127,Eta,巴萬五峰,新竹縣五峰鄉205-6號
128,Eta,穿山甲咖啡露營休閒莊園,新竹縣北埔鄉南埔村番婆坑8-22號
129,Eta,清心忘憂露營區,新竹縣尖石鄉義興村馬胎107-2號
130,Eta,清悠忘我露營區,新竹縣尖石鄉新樂村
131,Eta,大東田露營區,新竹縣五峰鄉花園村6鄰121之5號
132,Eta,大湖山林,新竹縣北埔鄉大湖村三鄰上大湖28之8號
133,Eta,大山背小曠野營地,新竹縣橫山鄉豐鄉村大山背5鄰52號
134,Eta,大山北月,新竹縣橫山鄉豐鄉村大山背5鄰80號
135,Eta,飛仙居露營區,新竹縣五峰鄉桃山村
136,Eta,楓櫻杉林,新竹縣五峰鄉花園村
137,Eta,格步霧露營區,新竹縣五峰鄉桃山村
138,Eta,谷漢露營區,新竹縣尖石鄉嘉樂村14鄰160之1號
139,Eta,閣馬雅農場,新竹縣尖石鄉
140,Eta,高山寨露營區,新竹縣五峰鄉花園村四鄰78之1號
141,Eta,鬼澤157,新竹縣五峰鄉157號
142,Eta,航道休閒露營區,新竹縣尖石鄉新樂村7鄰水田185號
143,Eta,花湖美地,新竹縣五峰鄉花園村9鄰196號
144,Eta,豪祥露營區,新竹縣尖石鄉錦屏村7鄰那羅25之1號
145,Eta,迦得營地,新竹縣尖石鄉
146,Eta,靜觀露營區,新竹縣五峰鄉桃山村18鄰311-30號
147,Eta,嘉揚露營區,新竹縣五峰鄉
148,Eta,竹鷹露營區,新竹縣五峰鄉
149,Eta,靜月居,新竹縣峨眉鄉湖光村十二寮12鄰6-5號
150,Eta,露露米露營區,新竹縣五峰鄉竹林村
151,Eta,老牛露營區,新竹縣五峰鄉桃山村18鄰白蘭312-3號
152,Eta,旅人山泉農場,新竹縣北埔鄉
153,Eta,戀上瓜麗,新竹縣五峰鄉320-3號
154,Eta,司馬庫斯拉娃露營區,新竹縣尖石鄉16號
155,Eta,馬丘比丘露營區,新竹縣五峰鄉
156,Eta,明當家園,新竹縣尖石鄉新樂村水田7鄰190-1號
157,Eta,梅后蔓瀑布露營區,新竹縣五峰鄉
158,Eta,Mspat露營區,新竹縣尖石鄉十鄰145號
159,Eta,馬薩保耐露營區,新竹縣五峰鄉5鄰和平165號
160,Eta,梅村露營區,新竹縣尖石鄉185號
161,Eta,馬武督露營趣,新竹縣關西鎮
162,Eta,馬雅竹軒,新竹縣五峰鄉305號
163,Eta,牧羊小豆子,新竹縣五峰鄉竹林村4鄰93號
164,Eta,Payan露營區,新竹縣尖石鄉新樂村
165,Eta,山的那一邊,新竹縣五峰鄉桃山村18鄰311-37號
166,Eta,石福山莊,新竹縣關西鎮
167,Eta,仙湖露營區,新竹縣五峰鄉大隘村10鄰194號
168,Eta,生活原鄉,新竹縣關西鎮9鄰96-3號
169,Eta,霞喀羅,新竹縣五峰鄉村
170,Eta,斯卡嵐慕,新竹縣五峰鄉
171,Eta,星空下露營區,新竹縣五峰鄉
172,Eta,星空夜語,新竹縣五峰鄉
173,Eta,小米露營區,新竹縣五峰鄉竹林村4鄰忠興91之5號
174,Eta,司馬庫斯舊部落營地,新竹縣尖石鄉
175,Eta,斯摩亞營地,新竹縣關西鎮10鄰106號
176,Eta,石牛山露營區,新竹縣關西鎮
177,Eta,杉嵐營地,新竹縣五峰鄉竹林村1鄰羅山23之2號
178,Eta,相思園露營區,新竹縣尖石鄉錦屏村2鄰比麟96號
179,Eta,小途溪伴,新竹縣關西鎮錦山191之1號
180,Eta,星月橫山,新竹縣橫山鄉頭份林1-8號
181,Eta,山野悠活的熊山露營區,新竹縣尖石鄉錦屏段5地號
182,Eta,天湖露營區,新竹縣五峰鄉花園村10鄰天湖218-11號
183,Eta,彩虹喬露營區,新竹縣尖石鄉義興村2鄰59-3號
184,Eta,天景露營區,新竹縣五峰鄉花園村10鄰天湖205號
185,Eta,鐵露局露營區,新竹縣五峰鄉天湖221-5號
186,Eta,田埔露營地,新竹縣尖石鄉
187,Eta,天山農場,新竹縣五峰鄉桃山村20鄰民石353之5號
188,Eta,桃喜悠境休閒莊園,新竹縣五峰鄉桃山村清泉209-36號
189,Eta,蓪草花園營地,新竹縣五峰鄉花園村
190,Eta,舞之海露營區,新竹縣五峰鄉
191,Eta,微居解秘,新竹縣關西鎮六曲窩188-8號
192,Eta,蔚嵐青青,新竹縣峨眉鄉七星村六寮80號
193,Eta,雪花的露營區,新竹縣尖石鄉梅花村9鄰農路
194,Eta,喜樂露營區,新竹縣尖石鄉義興村馬胎七鄰22-9號
195,Eta,閑情園,新竹縣尖石鄉梅花村
196,Eta,星墅露營窩,新竹縣關西鎮錦山里9鄰錦山99-9號
197,Eta,尤巴士露營區,新竹縣五峰鄉桃山村
198,Eta,雲淡風清,新竹縣尖石鄉
199,Eta,雲頂天湖露營區,新竹縣五峰鄉
200,Eta,悅光綠境,新竹縣五峰鄉白蘭311-17號
201,Eta,一沐露營區,新竹縣橫山鄉
202,Eta,一抹河,新竹縣五峰鄉大隘村茅圃352-1號
203,Eta,雅娜營地,新竹縣五峰鄉
204,Eta,有你真好阿嬌,新竹縣五峰鄉竹林村2鄰37號
205,Eta,營墅風晴露營區,新竹縣關西鎮錦山里9鄰96號
206,Eta,比固花園,桃園市復興區高義村
207,Eta,北戶露營區,桃園市復興區武道能敢道路地號
208,Eta,夏蝶冬櫻山谷園地-保羅先生,桃園市復興區高義里高義蘭36-1號
209,Eta,得拉互,桃園市復興區華陵里巴崚8鄰55之2號
210,Eta,飛督努露營區,桃園市復興區霞雲里5鄰成福路559號
211,Eta,古渡園地,桃園市復興區華陵里中心路86巷11號
212,Eta,嘎色鬧露營區,桃園市復興區奎輝里8鄰嘎色鬧23號
213,Eta,HOLA露營區,桃園市復興區羅浮里七鄰高坡16號
214,Eta,和平橋露營區,桃園市復興區
215,Eta,角板山露營區,桃園市復興區
216,Eta,高崗露營區,桃園市復興區武崙路33號
217,Eta,庫司景觀露營區,桃園市復興區
218,Eta,利河伯休閒農園露營區,桃園市復興區三光里爺亨段410地號
219,Eta,樂見山,桃園市復興區
220,Eta,露薩休閒露營區,桃園市復興區三光里爺亨35-1號
221,Eta,木河谷,桃園市復興區
222,Eta,米利漾,桃園市復興區2號
223,Eta,那結山露營區,桃園市復興區奎輝產業道路
224,Eta,歐陽莊園,桃園市復興區高義蘭道路65之7號
225,Eta,培雅境休閒露營區,桃園市復興區羅浮里羅馬路一段301之6號
226,Eta,清清露營區,桃園市復興區華陵里8鄰40號
227,Eta,蜻蜓露營區-嘎色鬧,桃園市復興區奎輝里嘎色鬧7鄰2號
228,Eta,順花露營區,桃園市復興區武道能敢道路9號
229,Eta,山豬王露營區,桃園市復興區7鄰1之12號
230,Eta,鑫彩霞谷露營區,桃園市復興區
231,Eta,松野,桃園市復興區10-16號
232,Eta,鑫園馬告露營區,桃園市復興區羅馬路六段36號
233,Eta,杉與山露營區,桃園市復興區中心路86巷
234,Eta,桃蘆坑生態農場,桃園市蘆竹區山林路三段855-1號
235,Eta,桃子菇菇休閒農莊,桃園市復興區中心路華陵里148號
236,Eta,哇吶訕露營區,桃園市復興區三光里武道能敢4鄰14之18號
237,Eta,熊居露營趣,桃園市復興區中心路169-8號
238,Eta,戀戀雅渡農場,桃園市復興區高義里七鄰10之3號
239,Eta,爺亨溪岸,桃園市復興區
240,Eta,尹宿納,桃園市復興區
241,Eta,納格林野營,花蓮縣光復鄉157之1號
242,Eta,眺浪營地,花蓮縣豐濱鄉港口村石梯坪33號
243,Eta,佐倉高地,花蓮縣秀林鄉水源村
244,Eta,布耶特景觀營地,苗栗縣泰安鄉大興村
245,Eta,按個讚露營區,苗栗縣泰安鄉
246,Eta,阿麗露營區,苗栗縣泰安鄉大興村5鄰38號
247,Eta,ㄠ嶩民宿露營區,苗栗縣泰安鄉梅園村2鄰23號
248,Eta,薆繞,苗栗縣泰安鄉
249,Eta,阿水泊露營區,苗栗縣泰安鄉10鄰橫龍山64之36號
250,Eta,愛玉露營區,苗栗縣南庄鄉鹿場聯絡道路14-2號
251,Eta,巴卡的天空,苗栗縣南庄鄉蓬萊村14大湳30-16號
252,Eta,部落傳奇露營區,苗栗縣泰安鄉象鼻村19-5號
253,Eta,緣野營客,苗栗縣卓蘭鎮坪林里9鄰103號
254,Eta,的貴露營區,苗栗縣泰安鄉象鼻村3鄰永安17號
255,Eta,德佬露營區,苗栗縣南庄鄉東河村
256,Eta,大南之美露營區,苗栗縣大湖鄉
257,Eta,法愛露營區,苗栗縣南庄鄉
258,Eta,豐之優露營區,苗栗縣泰安鄉清安村12鄰109之12號
259,Eta,芳樺園,苗栗縣公館鄉開礦村開礦142-10號
260,Eta,楓李小棧,苗栗縣泰安鄉大興村4鄰61-7號
261,Eta,楓美露營區,苗栗縣南庄鄉鹿場聯絡道路24鄰號
262,Eta,芬享露營區,苗栗縣泰安鄉大興村5鄰38-1號
263,Eta,逢雲露營區,苗栗縣泰安鄉梅園村2鄰66-25號
264,Eta,古道秘境露營區,苗栗縣泰安鄉
265,Eta,桂竹柿家,苗栗縣泰安鄉
266,Eta,斑比跳跳 頂級豪華露營訂位,苗栗縣三灣鄉北埔村小北埔27號
267,Eta,高熊卡露營區,苗栗縣泰安鄉大興村
268,Eta,快樂露營區,苗栗縣泰安鄉大興村高熊卡60號
269,Eta,好地方露營區,苗栗縣泰安鄉梅園村4鄰天狗7之6號
270,Eta,喝納灣,苗栗縣南庄鄉24鄰鹿場13之8號353號
271,Eta,南庄哈洛客露營區,苗栗縣南庄鄉東河137號
272,Eta,花香果樂,苗栗縣大湖鄉水流東路1之19號
273,Eta,哈撒山莊,苗栗縣泰安鄉大興村高熊卡4鄰58號
274,Eta,黃熊部落,苗栗縣泰安鄉大興村2鄰12-2號
275,Eta,好自在露營區,苗栗縣泰安鄉大興村四鄰57號
276,Eta,金達鹿,苗栗縣南庄鄉鹿場聯絡道路
277,Eta,轉個彎露營區,苗栗縣南庄鄉東河村
278,Eta,竹木村露營區,苗栗縣獅潭鄉竹木村大興窩8鄰20-10號
279,Eta,橘園山谷,苗栗縣獅潭鄉永興村10鄰9號
280,Eta,開礦露營區,苗栗縣公館鄉
281,Eta,鹿場綠地,苗栗縣南庄鄉
282,Eta,樂活露營區,苗栗縣公館鄉
283,Eta,老古董民宿露營區,苗栗縣泰安鄉清安村洗水坑141-2號
284,Eta,蘿菈松靜露營區,苗栗縣南庄鄉東河村21鄰石壁22號
285,Eta,樂沐絲司馬縱谷露營區,苗栗縣泰安鄉中興村司馬限4鄰之2號
286,Eta,龍騰讚露營趣,苗栗縣三義鄉外庄20號
287,Eta,露也楓情露營區,苗栗縣泰安鄉大興村
288,Eta,綠野雲仙露營區,苗栗縣泰安鄉大興村
289,Eta,瑪達法籟露營區,苗栗縣泰安鄉大興村5鄰48-1號
290,Eta,美富安露營區,苗栗縣泰安鄉象鼻村永安33之6號
291,Eta,麥露瘋露營區,苗栗縣泰安鄉
292,Eta,沐嵐語露營區,苗栗縣泰安鄉大興村
293,Eta,哞哞露營地,苗栗縣頭屋鄉明德路32-8號
294,Eta,慕木露營區,苗栗縣南庄鄉
295,Eta,明瓦南露營區,苗栗縣泰安鄉梅園村
296,Eta,瑪亞鸞露營區,苗栗縣泰安鄉
297,Eta,南庄河畔露營區,苗栗縣南庄鄉南江村14鄰小東河8-1號
298,Eta,南灣蹓蹓,苗栗縣泰安鄉大興村
299,Eta,南庄 鳳凰谷,苗栗縣南庄鄉田美村7鄰田美125-1號
300,Eta,巧遇露營區,苗栗縣獅潭鄉新豐村八角坑34號
301,Eta,日光角落,苗栗縣泰安鄉錦水村半天寮3鄰45之5號
302,Eta,瑞娜京霖露營區,苗栗縣泰安鄉
303,Eta,日旺休閒露營區,苗栗縣公館鄉北河村18鄰北河186-3號
304,Eta,象鼻休閒露營區,苗栗縣泰安鄉象鼻村1鄰9-3號
305,Eta,上巴爺爺露營區,苗栗縣泰安鄉錦水村
306,Eta,四方鮮乳休閒農場,苗栗縣竹南鎮崎頂里崎頂里12鄰東崎頂9-6號
307,Eta,山峰點伙露營區,苗栗縣通霄鎮圳頭里2鄰圳頭23之6號
308,Eta,星光山岳露營區,苗栗縣泰安鄉梅園村2鄰38-1號
309,Eta,象之旅露營區,苗栗縣泰安鄉象鼻1鄰34號
310,Eta,水之悅休閒露營區,苗栗縣泰安鄉梅園12-9號
311,Eta,南庄星空玻璃屋露營區,苗栗縣南庄鄉田美村
312,Eta,思穀汗Skuhan休閒露營區,苗栗縣泰安鄉
313,Eta,莎酷菈露營區,苗栗縣泰安鄉
314,Eta,司馬限360度景觀,苗栗縣泰安鄉中興村5鄰司馬限18之10號
315,Eta,司馬限山嵐,苗栗縣泰安鄉中興村
316,Eta,雪松大砲露營區,苗栗縣泰安鄉梅園村
317,Eta,山視界露營區,苗栗縣泰安鄉清安村小南角5鄰39號
318,Eta,洗水山露營區,苗栗縣泰安鄉清安村
319,Eta,山田露營區,苗栗縣獅潭鄉新店村12鄰151-7號
320,Eta,蘇彥露營區,苗栗縣泰安鄉八鄰8-2號
321,Eta,司焉慕,苗栗縣南庄鄉
322,Eta,三灣水漾森林露營區,苗栗縣三灣鄉北埔村小北埔7鄰2-13號
323,Eta,泰安哈尼,苗栗縣泰安鄉大興村
324,Eta,10.5k露營區,苗栗縣卓蘭鎮
325,Eta,桃花源,苗栗縣卓蘭鎮坪林里8鄰98號
326,Eta,烏嘎彥露營區,苗栗縣泰安鄉大興村3鄰63-10號
327,Eta,五隻小豬,苗栗縣泰安鄉農路一號
328,Eta,烏客藍露營區,苗栗縣泰安鄉
329,Eta,武嵐露營區,苗栗縣泰安鄉錦水村10鄰橫龍山64之36號
330,Eta,五鄰休閒露營區,苗栗縣泰安鄉大興村5鄰42號
331,Eta,泰安王子小豬仔露營區,苗栗縣泰安鄉大興村
332,Eta,吻吻露營區,苗栗縣南庄鄉
333,Eta,西湖祕密花園露營區,苗栗縣西湖鄉金獅村茶亭6-1號
334,Eta,尤巴斯露營區,苗栗縣泰安鄉大興村5鄰高熊卡45號
335,Eta,鷹的故鄉,苗栗縣泰安鄉大興村4鄰57-9號
336,Eta,一定行露營區,苗栗縣泰安鄉象鼻村
337,Eta,尤法艾露營區,苗栗縣泰安鄉
338,Eta,雲境露營區,苗栗縣泰安鄉大興村
339,Eta,迎客山,苗栗縣大湖鄉
340,Eta,遊牧民族露營區,苗栗縣泰安鄉大興村５鄰47之6號
341,Eta,耀婆山露營區,苗栗縣泰安鄉清安村小南角2鄰6號
342,Eta,悠然之地,苗栗縣泰安鄉
343,Eta,原心小團露,苗栗縣泰安鄉大興村五鄰45-9號
344,Eta,伊紹露營區,苗栗縣泰安鄉象鼻村大安35-1號
345,Eta,逸視界露營區,苗栗縣泰安鄉大興村3鄰63號
346,Eta,伊夕尚露營區,苗栗縣泰安鄉
347,Eta,鹽水頭露營區,苗栗縣獅潭鄉豐林村13鄰鹽水36-1號
348,Eta,云心園,苗栗縣泰安鄉
349,Eta,原始原味,苗栗縣泰安鄉大興村
350,Eta,友田坊,苗栗縣泰安鄉清安村
351,Eta,亞哇斯露營區,苗栗縣泰安鄉八卦村3鄰53號
352,Eta,云仙谷休閒露營區,苗栗縣泰安鄉
353,Eta,一線天,苗栗縣泰安鄉中興村
354,Eta,永遠露宿,苗栗縣泰安鄉
355,Eta,再露營,苗栗縣公館鄉福星村227-1號
356,Eta,紫逸露營區,苗栗縣泰安鄉
357,Eta,晨月緣露營區,高雄市桃源區寶山巷98-8號
358,Eta,大學林,高雄市桃源區
359,Eta,鳳之凰露營區,高雄市桃源區15-12號
360,Eta,好望角,高雄市桃源區
361,Eta,愛莉絲森林露營區,高雄市桃源區寶山巷98之18號
362,Eta,快樂熊露營區,高雄市六龜區裕濃路1之7號
363,Eta,美濃客家庄,高雄市美濃區中興路二段6-1號
364,Eta,Savi部落咖啡,高雄市桃源區興中巷142-6號
365,Eta,彩虹森林露營區,高雄市六龜區和平路290號
366,Eta,文家果園,高雄市桃源區
367,Eta,野獸休閒基地,高雄市六龜區和平路151-16號
368,Eta,燿興山茶咖啡坊,高雄市桃源區寶山98之12號
369,Shelly,樂活森林農場,南投縣埔里鎮桃米路55-1號
370,Shelly,陽光露營區,南投縣仁愛鄉榮光巷50號
371,Shelly,燈火嵐杉野奢露營區inHere,南投縣埔里鎮種瓜路33-5號
372,Shelly,森山谷 中寮森林營地,南投縣中寮鄉福山巷
373,Shelly,新境露營區,南投縣國姓鄉長北路70之1號
374,Shelly,暮雲春樹露營區,南投縣埔里鎮種瓜路33-3號
375,Shelly,LOLO農場,南投縣埔里鎮眉原路1-4號
376,Shelly,涵香小屋露營驛站,南投縣魚池鄉五馬巷2之10號
377,Shelly,緣溪行森林營地,南投縣埔里鎮乾溪景觀橋545號
378,Shelly,湯尼瑪麗露營區,南投縣埔里鎮種瓜路
379,Shelly,武界雲窩森林露營區,南投縣仁愛鄉茶園巷1附2號
380,Shelly,樹不老 L’mosay,南投縣仁愛鄉山林巷46附2號
381,Shelly,畫眉園露營區,南投縣仁愛鄉山林巷10號
382,Shelly,日月潭 九蛙秘境露營區,南投縣魚池鄉中山路510巷日月潭9之22號
383,Shelly,1-2號營地,南投縣魚池鄉文武巷1-2號
384,Shelly,南投北中寮鶴里翁露營區,南投縣中寮鄉龍南路151-20號
385,Shelly,南投北山露營農場,南投縣國姓鄉長石巷42-5號
386,Shelly,賞星月慕露營區(露營樂6號店,南投縣中寮鄉復興巷
387,Shelly,空若水營地,南投縣魚池鄉文武巷1-33號
388,Shelly,露野森林SNUWING,南投縣仁愛鄉
389,Shelly,埔里聽瀑營地,南投縣埔里鎮武界路33-8號
390,Shelly,愛心露營地,南投縣魚池鄉通文巷4之11號
391,Shelly,武界雲夢茗園,南投縣仁愛鄉茶園巷1之1號
392,Shelly,樂沐山林_親子友善露營區,南投縣魚池鄉五馬巷4號
393,Shelly,山福情森露營區,南投縣魚池鄉華龍巷43-3號
394,Shelly,曉樂園露營區,南投縣南投市吉利路126號
395,Shelly,伴天聊露營區,南投縣仁愛鄉山林巷18附1號
396,Shelly,愛聚時光森林露營區,南投縣埔里鎮種瓜路37-1號
397,Shelly,春陽觀休閒農場,南投縣仁愛鄉虎門巷135號
398,Shelly,龍泉營地,南投縣埔里鎮武界路28之10號
399,Shelly,日月潭香菇寮生態營地,南投縣魚池鄉華龍巷41-2號
400,Shelly,大衛營露營農場,南投縣草屯鎮富德街66巷75號
401,Shelly,迷露1850,南投縣仁愛鄉仁和路179之5號
402,Shelly,高峰農場露營區,南投縣國姓鄉長石巷42-9號
403,Shelly,森林寓,南投縣魚池鄉東興巷19號
404,Shelly,山裡面的嵐卡,南投縣信義鄉地利村姑姑山
405,Shelly,採茶媽媽景觀茶園雨棚區,南投縣仁愛鄉
406,Shelly,南投國姓羅氏後花園露營場,南投縣國姓鄉南港路110-13號
407,Shelly,茶吾此露露營區,南投縣埔里鎮種瓜路33-13號
408,Shelly,魚池鄉入森林露森林營地,南投縣魚池鄉水埔產業道路131號
409,Shelly,回歸自然二八露營場,南投縣竹山鎮鹿山路606-7號
410,Shelly,武界松露露營區&小木屋,南投縣仁愛鄉武安路1附6號
411,Shelly,森露快樂休閒營地,南投縣魚池鄉平和巷10號
412,Shelly,鳳凰山日出湖秘密基地露營區,南投縣鹿谷鄉鳳園路88之50號
413,Shelly,川中島落羽松露營秘境,南投縣仁愛鄉清風路27-1號
414,Shelly,峇嵐杉丘 奢華露營,南投縣魚池鄉文正巷2之6號
415,Shelly,芭喇露營區休閒農莊,南投縣仁愛鄉武界林道
416,Shelly,達雅奇跡星球特色主題懶人露營一泊二食團體包場包區,南投縣國姓鄉大長路529-1號
417,Shelly,山見懶人露營,南投縣魚池鄉通文巷54號對面號
418,Shelly,鹿谷麒麟潭 湖光露營區,南投縣鹿谷鄉堀邊巷1之27號
419,Shelly,凍頂山露營農場,南投縣鹿谷鄉彰雅村凍頂巷33之
420,Shelly,享樂玩家露營區,南投縣魚池鄉五馬巷2-3號
421,Shelly,三乘山露營區,南投縣草屯鎮三層巷50號
422,Shelly,合興休閒營區,南投縣魚池鄉華龍巷73-1號
423,Shelly,滾石部落露營場地,南投縣國姓鄉
424,Shelly,南投武界觀景茶園露營區,南投縣仁愛鄉茶園巷17附2號
425,Shelly,靜竹星空景觀露營區,南投縣竹山鎮鹿山路604號
426,Shelly,雲的嘉露營區,南投縣國姓鄉南港二號橋
427,Shelly,漠邇營地 moor Campsite & Caravan Park,南投縣埔里鎮中山路四段136-6號
428,Shelly,⛺️林坡微步 露營區,南投縣魚池鄉通文巷
429,Shelly,舒谷SuKu 農場,南投縣仁愛鄉
430,Shelly,仙聞休閒露營區,南投縣魚池鄉華龍巷73號
431,Shelly,To Me 桃米生態露營區,南投縣埔里鎮種瓜路66-1號
432,Shelly,青綠園露營區,南投縣魚池鄉五城巷11-22號
433,Shelly,山谷露瑪露營區,南投縣信義鄉
434,Shelly,拿哥的秘密基地浪漫露營區,南投縣信義鄉和平巷85~3號
435,Shelly,847露營區,南投縣鹿谷鄉仁愛路256號
436,Shelly,採茶媽媽景觀露營區,南投縣仁愛鄉高峰巷70附5號
437,Shelly,築露中原露營區,南投縣仁愛鄉原名路43附2號546別用門牌導航會迷路，直接搜尋築露中原導航即可
438,Shelly,野趣凍頂,南投縣鹿谷鄉凍頂巷7-26號
439,Shelly,飛瀑露營區feipucamping,南投縣仁愛鄉中正路處左轉(人止關左前岔路轉入約4公里，15分路程73K1之1號
440,Shelly,言葉之庭露營區,南投縣中寮鄉永樂路134之2號
441,Shelly,馬赫坡9號秘境,南投縣仁愛鄉溫泉馬赫坡路9號精英村廬山
442,Shelly,部落之丘 Camping,南投縣魚池鄉文正巷1之45號
443,Shelly,三生園生態露營區,南投縣鹿谷鄉民生巷8-1號
444,Shelly,帖泊喀露營區,南投縣魚池鄉中正路102號
445,Shelly,舞蝶到了露營區,南投縣中寮鄉村永平路100-36號
446,Shelly,唯樂露營區,南投縣魚池鄉協力巷11-6號
447,Shelly,里列格營地,南投縣仁愛鄉萬豐村10鄰清華巷148附1號
448,Shelly,哈爾斯塔特露營區,南投縣仁愛鄉
449,Shelly,山中流域露營區,南投縣水里鄉水里五路
450,Shelly,九份二山連興露營區,南投縣國姓鄉鳳鳴巷39-6號
451,Shelly,山水園露營農莊,南投縣國姓鄉大長路117-1號
452,Shelly,暮沐露營小庄。Moonmood,南投縣魚池鄉華龍巷31號
453,Shelly,入樹．村,南投縣魚池鄉大雁巷31-8號
454,Shelly,仙徠山莊露營區,南投縣國姓鄉長豐村東二巷71號
455,Shelly,咿喲ㄟ故鄉露營區,南投縣埔里鎮種瓜路126-2號
456,Shelly,沐晨露營區,南投縣國姓鄉長豐村東一巷51-8號
457,Shelly,遇見東平莊園,南投縣埔里鎮覆金路21之1號
458,Shelly,泊樂熊村 Polar Bear Village,南投縣國姓鄉北原路58號
459,Shelly,迦南之地露營區,南投縣仁愛鄉投71鄉道34號
460,Shelly,馬沙露營區,南投縣國姓鄉大長路616-1號
461,Shelly,W.H窩露營區,南投縣鹿谷鄉中正路三段686巷21號
462,Shelly,日月潭夢想露營區,南投縣魚池鄉有水巷28─3號
463,Shelly,森林蜂味露營區,南投縣埔里鎮桃米路73-1號
464,Shelly,黃金藍海秘境,南投縣國姓鄉大長路613號
465,Shelly,迦南美地生態教育園區,南投縣竹山鎮中山路7之88號
466,Shelly,埔里桃米香露營區,南投縣埔里鎮種瓜路33-2號
467,Shelly,石頭窩景緻露營區,南投縣集集鎮梨頭巷10-6號
468,Shelly,玫花露露營區,南投縣埔里鎮東峰路18號
469,Shelly,綠野森林農場室內營位屋 露營區,南投縣埔里鎮西安路一段550巷12-1號
470,Shelly,夢谷伊優達雅露營區,南投縣仁愛鄉信義巷
471,Shelly,峰芢苑露營區,南投縣魚池鄉永川巷25之6號
472,Shelly,清流溪畔露營區,南投縣仁愛鄉明月巷95-1附2號
473,Shelly,石盤阬露營區,南投縣鹿谷鄉秀林巷13-7號
474,Shelly,藍瑪司露營地,南投縣仁愛鄉親愛村大安路107附2號
475,Shelly,上野左岸生態露營區,南投縣國姓鄉南港村長石巷12-6號
476,Shelly,星願村露營區,南投縣仁愛鄉明月巷95之1附1號
477,Shelly,森呼吸露營區,南投縣中寮鄉永樂路201號
478,Shelly,日月松林營地 Sun Moon Camp,南投縣魚池鄉有水巷21-41號
479,Shelly,小路露營區,台中市新社區崑山里食水嵙6-2號
480,Shelly,九甲林露營區,台中市石岡區萬仙街岡仙巷7-1號請先搜尋五福臨門神木
481,Shelly,德芙蘭農場,台中市和平區東關路一段359號
482,Shelly,台中后里,台中市后里區圳頭產業道路
483,Shelly,新社恩地生態露營區,台中市新社區
484,Shelly,雅谷。露營區,台中市和平區東關路一段松鶴三巷81號
485,Shelly,雙香露營區,台中市和平區東崎路二段19-25號
486,Shelly,出雲山騰雲營地,台中市和平區雪山路出雲巷
487,Shelly,一棵樹露營區,台中市霧峰區民生路426巷77號
488,Shelly,中正露營區精神碉堡總集合場,台中市北屯區連坑巷
489,Shelly,星空Yay(夜)語 露營區,台中市新社區永豐45-1號
490,Shelly,裡冷熊爸營地,台中市和平區東關路一段裡冷巷25號
491,Shelly,吉娃斯景觀咖啡露營區,台中市和平區桃山社區
492,Shelly,野Fun趣 親子果園,台中市霧峰區民生路426巷8弄39號
493,Shelly,ㄡ熊熊露營園地,台中市和平區東關路一段松鶴三巷103號
494,Shelly,大雪山喜樂之地露營區,台中市東勢區東坑路978-6號
495,Shelly,大雪星空露營區,台中市東勢區東坑路795巷18號
496,Shelly,向海那漾 Nayang Beach,台中市大安區北汕路86巷1號
497,Shelly,吾居無束露營區,台中市新社區崑山里19之6號
498,Shelly,摩天嶺楊園露營區,台中市和平區東崎路一段天嶺巷30-3號
499,Shelly,曉晴星空三營台中新社營區,台中市新社區上坪4-3號
500,Shelly,富柿山 星空景觀農場,台中市新社區永櫃路18號
501,Shelly,福壽山農場露營區,台中市和平區福壽路29號
502,Shelly,聚元營地,台中市新社區崑南街29巷5號
503,Shelly,覓靜莊園,台中市和平區東關路一段裡冷巷99號
504,Shelly,那個屋露營區,台中市霧峰區中坑產業道路92號
505,Shelly,久良栖露營區,台中市和平區東關路一段360號
506,Shelly,柏冷翠休閒農場,台中市和平區東關路二段11之8號
507,Shelly,Tatami 忘憂草原 聖愛營地,台中市新社區
508,Shelly,蟬說,台中市太平區山田路218號
509,Shelly,樂悠悠露營區,台中市和平區鄰73號東關路一段里冷巷
510,Shelly,谷關八起露營區,台中市和平區東關路一段堰堤巷6-1號
511,Shelly,天山秘境森林露營區,台中市新社區中和街一段山腳巷20-9號
512,Shelly,小松露露營區(露營,台中市新社區
513,Shelly,松風谷種苗休閒園區,台中市和平區東關路一段台電巷122-20號
514,Shelly,綠大地露營區,台中市新社區上坪4-6號
515,Shelly,森杉露營區,台中市和平區東崎路一段桃山巷32號
516,Shelly,松嶺露營區,台中市和平區UnnamedRoad
517,Shelly,樂在露營,台中市新社區協中街211巷27號
518,Shelly,彩虹星光農園露營區,台中市石岡區豐勢路山下巷11之8號
519,Shelly,裡冷溪探索園區,台中市和平區裡冷巷69號
520,Shelly,天冷吹雲民宿及露營,台中市新社區福興里美林72-2號
521,Shelly,松旺露營區,台中市和平區UnnamedRoad
522,Shelly,后豐鐵馬道露營區,台中市豐原區朴子街323巷13號
523,Shelly,馬告的傳奇民宿 露營區,台中市和平區東關路一段裡冷巷5-8號
524,Shelly,照哥的家,台中市和平區東關路一段裡冷巷86號
525,Shelly,森林小鹿,台中市東勢區東坑路967號號
526,Shelly,樂境6.2K營地,台中市東勢區東坑路964之1號
527,Shelly,三山來此咖啡莊園,台中市北屯區東山路二段183-33號
528,Shelly,哈露米露營區,台中市和平區東關路一段430號
529,Shelly,山居歲月森林區,台中市新社區
530,Shelly,牛坪之春露營區,台中市和平區牛坪之春露營區
531,Shelly,山上小日子Camping,台中市和平區東關路一段裡冷巷1-8號
532,Shelly,松鶴延年露營區,台中市和平區東關路一段松鶴三巷95-11號
533,Shelly,嵐山驛站 露營區,台中市新社區中興街217之6號
534,Shelly,無憂森林carefree_forest,台中市和平區東關路一段松鶴三巷92-8號
535,Shelly,平岩山望向芸端露營區,台中市和平區中興路三段53號
536,Shelly,彩虹奇菁露營區,台中市東勢區慶福里慶福街26-2號
537,Shelly,東勢林場大安露營中心,台中市東勢區
538,Shelly,億享天開歡樂農場,台中市東勢區勢林街63之6號
539,Shelly,谷關365露營區,台中市和平區東關路一段20之5號
540,Shelly,山上松亭露營區,台中市和平區東關路一段360之5號
541,Shelly,洪爺爺菜園丫,台中市外埔區水頭二路18號
542,Shelly,歐賓露營區,台中市和平區東關路一段台電巷124-4號
543,Shelly,山暉甜園露營區,台中市和平區中坑路北坑巷15號
544,Shelly,六合繹包棟露營區(住宿),台中市東勢區東坑路石麻巷46號之
545,Shelly,中正露營區愛國分營區,台中市北屯區連坑巷中正露營區精神碉堡總集合場
546,Shelly,丘の町營地,台中市東勢區UnnamedRoad
547,Shelly,八仙山春露茶園,台中市和平區東關路一段裡冷巷70號
548,Shelly,爸娜娜露營區,台中市東勢區東崎路三段122-5號
549,Shelly,芭蓊露營區,台中市和平區東崎路一段桃山巷73-3號
550,Shelly,台中后里環保公園車泊專區,台中市后里區
551,Shelly,摩天輪營地(無提供電話詢位預訂 請至臉書粉絲專頁),台中市外埔區月眉北路221號
552,Shelly,菘畫居露營會館,台中市和平區東關路一段裡冷巷15-7號
553,Shelly,嵐山譯站露營趣,台中市新社區中興街225號
554,Shelly,微笑Glamping,台中市東勢區東崎路三段175巷28號
555,Shelly,森林小鹿,台中市東勢區東坑路953號
556,Shelly,竹林風私人露營秘境,台中市太平區
557,Shelly,旺來山莊秘境,台中市新社區永豐63-1號
558,Shelly,星星點燈露營區,台中市和平區UnnamedRoad
559,Shelly,里浪露營區,台中市和平區東關路一段裡冷巷15號之
560,Shelly,台中烏日 呼啦莊園,台中市烏日區高鐵東路651號
561,Shelly,中正露營區下平台,台中市北屯區
562,Shelly,賽良久營地,台中市和平區
563,Shelly,中正露營區和諧分營區,台中市北屯區
564,Shelly,松鶴唐麻丹露營區,台中市和平區東關路一段松鶴三巷
565,Shelly,一邊山一邊海,台中市西屯區西屯路三段84之6號
566,Shelly,濱海樂園,台中市大安區大安港海堤
567,Shelly,ㄚ啥布露,台中市和平區東關路一段松鶴二巷4之3號
568,Shelly,頭櫃山露營區,台中市新社區永櫃22-1號
569,Shelly,神農谷健康休閒中心,台中市和平區東關路一段松鶴三巷100之8號
570,Shelly,中正露營區大平台,台中市北屯區
571,Shelly,圓緣山居—露營區,台中市東勢區東崎路三段688巷100弄19號
572,Shelly,石岡森林,台中市石岡區石岡街頭坪巷9-2號
573,Shelly,原野露營區,台中市和平區東關路三段2號
574,Shelly,石岡水舍,台中市石岡區石城街47-1號
575,Shelly,鐵砧山星光露營區,台中市大甲區成功路221號
576,Shelly,覓跡,台中市和平區雅比斯街1-9號
577,Shelly,大雪山 茂山樂園,台中市和平區雪山路富山巷8號
578,Shelly,何必館景觀小屋,台中市和平區東關路一段裡冷巷1-7號
579,Shelly,一星伴夢幻營區,彰化縣芬園鄉彰南路二段
580,Shelly,完美谷營地,台中市和平區
581,Shelly,大雄的家露營休閒區,台中市新社區永豐45-2號
582,Shelly,黃金森林生態露營區,南投縣國姓鄉長福村長雙巷9號
583,Shelly,在Lu營,台中市和平區東關路一段松鶴三巷100號
584,Shelly,石壁露營區,台中市和平區
585,Shelly,三叉營地,台中市和平區
586,Shelly,閣香亭,台中市東勢區東關路四段128巷33號
587,Shelly,大棟農場,台中市和平區雪山路1之7號
588,Shelly,一星伴,台中市南屯區大進街11號
589,Shelly,星月假期,台中市后里區月眉北路482號之1號
590,Shelly,Night,台中市太平區山田路長青巷19號
591,Shelly,勝開心腳踏車電動車出租,台中市豐原區豐勢路二段535巷100弄5號
592,Shelly,MOMO佳園民宿,台中市新社區協中街189-2號
593,Shelly,貴子坑露營場,台北市北投區秀山路85巷80號
594,Shelly,碧山露營場,台北市內湖區碧山路26-6號
595,Shelly,碧山露營場森林營區,台北市內湖區
596,Shelly,蟬說: 暖硫 Chanshuo Warm Flow Glamping,台北市士林區菁山路101巷71弄16號
597,Shelly,客泊樂 Kamper Land,台北市中山區一段民生東路29號9樓
598,Shelly,華中露營場,台北市萬華區萬大路底號華中河濱公園(左區
599,Shelly,貴子坑露營場淋浴間,台北市北投區秀山路85巷80號
600,Shelly,陽明山菁山遊憩區露營區,台北市士林區菁山路101巷71弄16號
601,Shelly,金山驛境 Gold Mountain Ranch Town,新北市金山區仔5-2號
602,Shelly,貴子坑露營場辦公室,台北市北投區秀山路161號
603,Shelly,中華民國童軍苗圃營地,台北市北投區竹子湖路1-10號
604,Shelly,碉堡露營區,新北市石門區UnnamedRoad
605,Shelly,甜蜜點休閒莊園,新北市淡水區奎柔山路189號
606,Shelly,三芝老農夫農場,新北市三芝區芝蘭路62之5號
607,Shelly,泰雅巴萊部落村,新北市烏來區西羅岸路132號
608,Shelly,半島秘境,新北市石門區下員坑15號
609,Shelly,文山森活露營區,新北市新店區湖子內路100號
610,Shelly,格致童軍營地,台北市士林區仰德大道四段75號
611,Shelly,桶壁角露營區,新北市烏來區92號金堰
612,Shelly,露營車出租(預約送到府)雙北,台北市大同區民生西路432號8樓
613,Shelly,十三層營地,新北市雙溪區UnnamedRd
614,Shelly,山間小露,新北市雙溪區三叉坑4號
615,Shelly,迴山里 GLAMPING,新北市烏來區金堰115巷10之1號
616,Shelly,山水畔休閒生態園區,新北市三峽區建安路112-1號
617,Shelly,給樹營地,新北市烏來區西羅岸路132之5號
618,Shelly,大舌湖營地,新北市坪林區大舌湖30號
619,Shelly,龍門露營渡假基地,新北市貢寮區興隆街100號
620,Shelly,綠野山林 (成家營地),新北市坪林區石槽50號
621,Shelly,三峽樂樂谷車泊車宿木屋露營烤肉園區,新北市三峽區-1號
622,Shelly,LAPOPO 拉波波村,基隆市暖暖區東勢街221號
623,Shelly,皇后鎮森林三峽,新北市三峽區竹崙路95巷1號
624,Shelly,蕃米力親子營地(原月牙灣),新北市坪林區
625,Shelly,葵扇湖休閒農場,新北市金山區兩湖里2鄰
626,Shelly,19庄,新北市三芝區北勢子19號
627,Shelly,黑金大閘蟹的家,新北市雙溪區過溪3-1號
628,Shelly,皇后鎮森林金山,新北市萬里區大鵬街111號
629,Shelly,新石門營地,新北市坪林區2號
630,Shelly,水田園農莊,新北市萬里區
631,Shelly,鐵馬新樂園,新北市坪林區金瓜寮19之1號
632,Shelly,綠峰渡假山莊,新北市金山區三重橋22號
633,Shelly,坪林大溪地露營區,新北市坪林區鶯子瀨路2之5號
634,Shelly,林園營地,新北市坪林區號
635,Shelly,卡果牧場,桃園市大園區埔心83-2號
636,Shelly,水樂活親子農場,桃園市中壢區福達路二段628號
637,Shelly,福山緣,新北市烏來區卡拉模基2號
638,Shelly,すず,台北市士林區德行東路81巷15弄
639,Shelly,金山青年活動中心露營場,新北市金山區青年路1號
640,Shelly,華中露營場汽車露營區,台北市萬華區台北市萬華區
641,Shelly,長青谷大自然園區,新北市新店區新潭路二段25號
642,Shelly,十分自然露營區,新北市平溪區靜安路三段391之7號
643,Shelly,露營樂1號店 台南左鎮旗艦館 親子露營區,台南市左鎮區光和65之5號
644,Shelly,漫度漁光,台南市安平區安億路77號
645,Shelly,梅嶺神秘氣場露營區,台南市楠西區香蕉山51之6號
646,Shelly,曉晴星空台南玉沙農場營區,台南市玉井區沙田1之6號
647,Shelly,尖山埤營地,台南市柳營區60號
648,Shelly,關子嶺,台南市白河區98-1號98-1號
649,Shelly,LOHAS澄沐樂活,台南市左鎮區澄山51-1號
650,Shelly,空島露營區,中埔鄉三層村崎頭仔7號
651,Shelly,群木淺嚐露營區,台南市大內區號
652,Shelly,白毛獵人露營農場,台南市安南區安明路四段843號
653,Shelly,綠境1號露營農場,台南市楠西區
654,Shelly,荷蘭村露營區,台南市柳營區神農里7鄰新厝100號
655,Shelly,走馬瀨農場露營區,台南市大內區UnnamedRoad
656,Shelly,卧虎營區,台南市官田區南119鄉道南120鄉道南119鄉道南120鄉道
657,Shelly,虎頭埤露營區,台南市新化區中興路42巷36號
658,Shelly,微光露營區,台南市楠西區48之7號
659,Shelly,Glamping Riverside曲水左鎮,台南市左鎮區
660,Shelly,大內二溪輕鬆秘境露營區,台南市大內區201之17號
661,Shelly,尖山埤露營區,台南市柳營區南107鄉道
662,Shelly,雲頂松林露營區,台南市白河區內3之7號
663,Shelly,珊瑚潭草地露營區,台南市官田區
664,Shelly,將軍 微光露營區,台南市將軍區好佳庭農場
665,Shelly,北側露營區,台南市官田區
666,Shelly,銀河生態農場[車泊露營,台南市白河區93鄉道1.5號公里處
667,Shelly,印月農莊,台南市南化區
668,Shelly,露舍營家露營區,高雄市內門區
669,Shelly,珊瑚潭童軍露營中心,台南市官田區八田路三段櫻花巷59號
670,Shelly,二寮聚樂部,台南市左鎮區龍崎產業道路
671,Shelly,一水綠舟莊園,台南市歸仁區智慧綠能大道二段500巷20號
672,Shelly,關子嶺開心休閒農場,台南市白河區關嶺里南寮8鄰19一16號
673,Shelly,梅嶺青青河畔茶樹露營區,台南市楠西區灣丘里梅嶺
674,Shelly,Horse on 馬上露營,台南市關廟區靶場一街126號
675,Shelly,芒果香露營區,台南市玉井區
676,Shelly,安平漁人馬桶,台南市安平區
677,Shelly,加利利以琳露營區,台南市玉井區85號
678,Shelly,尖山埤鴻盛露營區,台南市柳營區60號
679,Shelly,White River Hill,台南市白河區15-61號
680,Shelly,楠西碧園(車床天地棧點),台南市楠西區
681,Shelly,綠野果園,台南市後壁區
682,Shelly,達里沐露營區,高雄市那瑪夏區
683,Shelly,麗祈樂活,台南市南化區
684,Shelly,寶哥私人露營區,台南市白河區
685,Shelly,露悠悠Glamping,高雄市六龜區尾庄55之2號
686,Shelly,高雄_桂田休閒莊園露營區,高雄市杉林區桐竹路61-12號
687,Shelly,王董農莊,台南市楠西區
688,Shelly,冠達驛站,台南市佳里區麻佳路三段138巷150弄21號
689,Shelly,左觀,台南市白河區
690,Shelly,橘屋,台南市新化區號
691,Shelly,呼叫223農場,高雄市內門區
692,Shelly,祥和長老教會 龍秋紀念營地,台南市東山區油礦12鄰36-4號
693,Shelly,(南橫)開心休閒露營區,高雄市桃源區南橫公路三段3-2號
694,Shelly,茂升山林,高雄市內門區號
695,Shelly,蔡媽媽菜園,台南市楠西區
696,Shelly,坤哥苓仔寮三合院,台南市將軍區69號
697,Shelly,大埔露營區營地,嘉義縣大埔鄉
698,Shelly,八寶寮休閒中心,嘉義縣中埔鄉52號
699,Shelly,雲水山露營區,嘉義縣大埔鄉
700,Shelly,山上別院 Yamakami Living,台南市山上區號
701,Shelly,嚮露,高雄市六龜區土壠149之10號
702,Shelly,白石馬露營區,嘉義縣中埔鄉灣潭子段13-24地號金記宅
703,Shelly,將軍彩繪公園,台南市將軍區南18鄉道81號
704,Shelly,大山拾光休閒莊園,高雄市六龜區和平路130-35號
705,Shelly,藍色33號窩露營區,嘉義縣阿里山鄉33號
706,Shelly,荖濃有機農場露營區,高雄市六龜區裕濃路81巷18號
707,Shelly,野營點無水，有樹遮陽,台南市新化區
708,Shelly,阿爾山露營區,高雄市桃源區
709,Shelly,後大埔露營區,嘉義縣大埔鄉大埔路
710,Shelly,高雄六龜十八羅漢山露營區,高雄市六龜區
711,Shelly,溫德莊園,高雄市六龜區
712,Shelly,善知院,台南市白河區37號
713,Shelly,月媽媽快樂露營區,高雄市內門區木柵43號木柵教會隔壁
714,Shelly,陸石五木露營區,高雄市杉林區通仙巷236號
715,Shelly,大學林露營區,高雄市桃源區荖濃溪林道
716,Shelly,泗高露棧,高雄市六龜區和平路130-38號
717,Shelly,梅園野營秘境,高雄市桃源區梅山巷
718,Shelly,海銀花園,台南市龍崎區26-1號
719,Shelly,六龜陽光綠地水世界露營區,高雄市六龜區和平路305-2號
720,Shelly,167咖啡 海銀花園,台南市龍崎區23-2號
721,Shelly,有夠遠露營區,嘉義縣阿里山鄉
722,Shelly,將軍山歐舍營地,高雄市內門區34號
723,Shelly,老爺的家露營區,高雄市內門區埤後1-1號
724,Shelly,蘇菲凱文露營莊園,高雄市六龜區和平路303-5號
725,Shelly,台東 星夜光海露營區,台東縣卑南鄉民生22之2號
726,Shelly,台東秘境露營,台東縣卑南鄉
727,Shelly,紫色太平洋露營區,台東縣東河鄉168號
728,Shelly,鹿野高台大草原露營區,台東縣鹿野鄉永安村高台路42巷133號
729,Shelly,小野柳露營區,台東縣台東市松江路一段440號小野柳露營區
730,Shelly,曉晴星空露營地,台東縣長濱鄉成靜公路
731,Shelly,山上的海邊露營區,台東縣台東市建和四街181之1號
732,Shelly,昆布海灣露營區,台東縣成功鎮麒麟路114-5號
733,Shelly,虂櫿嶇Danadanaw,台東縣卑南鄉68號
734,Shelly,富岡海悅露營區,台東縣台東市吉林路二段600號
735,Shelly,快樂天堂露營區,台東縣台東市
736,Shelly,麒麟部落露營區,台東縣成功鎮麒麟路52-6號
737,Shelly,菲卡樂Vikar tjuveljelem園區,台東縣太麻里鄉
738,Shelly,三姊快樂露營區,台東縣鹿野鄉鹿鳴路100巷5之1號
739,Shelly,台東天闊休閒露營區,台東縣成功鎮麒麟路5之1號
740,Shelly,浪花蟹露營區,台東縣長濱鄉三間村真柄4鄰
741,Shelly,無憂海景秘境,台東縣太麻里鄉台東縣太麻里
742,Shelly,逐浪露營地,台東縣成功鎮隧道路23之10號
743,Shelly,都蘭五線,台東縣東河鄉59-2號
744,Shelly,台東心路旅程露營棧,台東縣東河鄉都蘭村舊廍15-3號
745,Shelly,美山晴露營,台東縣成功鎮忠孝里美山路230號
746,Shelly,82遶灣 Pa’alawan露營區,台東縣長濱鄉真柄四鄰
747,Shelly,真柄禾多小酒館,台東縣長濱鄉
748,Shelly,星願農場,台東縣卑南鄉
749,Shelly,Safolo露營區,台東縣東河鄉港1鄰74號
750,Shelly,王媽媽家常菜,台東縣卑南鄉溫泉村鎮樂路48號
751,Shelly,知本山莊露營區,台東縣台東市建和四街97-1號
752,Shelly,初鹿椰子林露營區,台東縣卑南鄉忠孝路龍過脈
753,Shelly,慕樟露營區camphor camp,台東縣長濱鄉台11線
754,Shelly,都蘭•錄托邦,台東縣東河鄉
755,Shelly,ㄧ零八零1080露營區,台東縣延平鄉
756,Shelly,都蘭部落後花園露營區,台東縣東河鄉
757,Shelly,初鹿之夜度假露營區,台東縣卑南鄉原生植物園[台灣好行
758,Shelly,小雄72號露營區,台東縣池上鄉大埔村7鄰大埔72號
759,Shelly,狗有村營地,台東縣東河鄉花東海岸公路三線產業道路
760,Shelly,原始角落,台東縣金峰鄉號
761,Shelly,比西里岸營地,台東縣成功鎮白蓮路170-1號
762,Shelly,射馬干農場,台東縣台東市建和四街91之2號
763,Shelly,台東嘉豐營區,台東縣卑南鄉
764,Shelly,台東許雲露營區,台東縣成功鎮成廣路29號
765,Shelly,金山星空露營區,台東縣金峰鄉佳崙產業道路
766,Shelly,武茶露營區,台東縣海端鄉中福路一鄰18之3號
767,Shelly,最接近海的露營區,台東縣長濱鄉
768,Shelly,阿諾莊園,台東縣延平鄉昇平路
769,Shelly,交通部觀光署東部海岸國家風景區管理處小野柳露營區,台東縣台東市松江路一段269號
770,Shelly,Anna開心農場,台東縣東河鄉金樽產業道路
771,Shelly,東遊季露營區,台東縣卑南鄉溫泉路376巷18號
772,Shelly,高爾夫球場營地,台東縣海端鄉
773,Shelly,足球場營地,台東縣海端鄉
774,Shelly,盛香源露營區,台東縣太麻里鄉
775,Shelly,思親園,台東縣成功鎮富榮路119號
776,Shelly,福鹿山休閒農莊,台東縣鹿野鄉高台路42巷
777,Shelly,三仙台馬拉尚露營區,台東縣成功鎮跋邊路123號
778,Shelly,嘉明湖山屋營地,台東縣海端鄉南二段登山步道
779,Shelly,台東縣童軍會嘉豐營地,台東縣卑南鄉
780,Shelly,排球場營地,台東縣海端鄉
781,Shelly,獵寮營地 hunter house campground,台東縣海端鄉
782,Shelly,樂山溫泉露營區,台東縣卑南鄉龍泉路113巷29號
783,Shelly,瑞和時光驛站,台東縣鹿野鄉瑞景路三段50號
784,Shelly,"巡海宮(淋浴,車泊,搭帳)",台東縣成功鎮美山路231之2號
785,Shelly,東遊季溫泉渡假村,台東縣卑南鄉溫泉路376巷18號
786,Shelly,Dodoro Camp,台東縣成功鎮東河鄉都蘭村
787,Shelly,知本野營活動場,台東縣卑南鄉
788,Shelly,石山園,台東縣延平鄉
789,Shelly,愛國蒲探索基地,台東縣大武鄉東67鄉道102號
790,Shelly,美山的露營區,台東縣成功鎮忠孝里美山路238號
791,Shelly,戰神俊的窩,台東縣台東市青海路一段18巷83弄5號
792,Shelly,原宿露營區,台東縣太麻里鄉
793,Shelly,金剛觀海幸福窩露營區建設中,台東縣長濱鄉三崙仔產業道路
794,Shelly,露樂原 Camparadise,台東縣長濱鄉成靜公路
795,Shelly,木娃兒驛馬站,台東縣海端鄉南橫公路公里號台20線
796,Shelly,老王成功祕境,台東縣成功鎮都歷路264之23號
797,Shelly,山角頂露營野炊,台東縣金峰鄉
798,Shelly,鄭大姊車宿點,台東縣金峰鄉47-5號
799,Shelly,心泊一隅 Simple and Cozy,台東縣長濱鄉
800,Shelly,北里漫活,台東縣太麻里鄉
801,Shelly,玉里森林露營區,花蓮縣玉里鎮51號大禹里
802,Shelly,羅山露營區,花蓮縣富里鄉
803,Shelly,Hawkes Bay,台東縣卑南鄉富山村11鄰168號
804,Shelly,河畔秘境,高雄市六龜區東溪山莊12之20號
805,Shelly,台東初鹿親子羊牧場,台東縣卑南鄉改良場路76號
806,Shelly,黑老大,台東縣東河鄉觀海公園旁
807,Shelly,南橫梅山口農場露營,高雄市桃源區梅山巷
808,Shelly,穎達X 沐麓生態休閒農場,屏東縣萬巒鄉新安路52號
809,Shelly,山中水手露營區,高雄市桃源區南橫公路三段388號
810,Shelly,海拉努休閒露營,高雄市桃源區
811,Shelly,加利利海石梯坪露營區,花蓮縣豐濱鄉
812,Shelly,初鹿牧場,台東縣卑南鄉牧場1號
813,Shelly,戀戀南橫2071露營區,高雄市六龜區南橫公路
814,Shelly,台東【旮祭來,台東縣成功鎮和平路13-1號
815,Shelly,玥納露營區,高雄市茂林區多納林道
816,Shelly,大武山莊,屏東縣霧台鄉東川巷63號
817,Shelly,Laung 石頭露營區,高雄市桃源區勤和舊部落產業道路
818,Shelly,遠山望月溫泉風呂 露營區,高雄市六龜區花賞溫泉公園
819,Shelly,諾亞方舟露營區,屏東縣萬巒鄉東興路58之3號
820,Shelly,櫻之谷露營區,高雄市桃源區南橫公路三段東莊巷30之6號
821,Shelly,好柿抵嘉農場,嘉義縣番路鄉埔尾52之3號
822,Shelly,岩仔腳休閒露營區,嘉義縣番路鄉
823,Shelly,花田小露露營區,嘉義縣番路鄉觸口村埔尾2號
824,Shelly,淺山尋露,嘉義縣番路鄉阿里山公路號公里處
825,Shelly,晨光露營區(狩獵帳),嘉義縣阿里山鄉2鄰86號
826,Shelly,來灣哈露營區,嘉義縣阿里山鄉四鄰125-1號
827,Shelly,草地狀元露營區,嘉義縣番路鄉：159甲K处號
828,Shelly,阿里山草堂露營渡假村(露營樂9號店),嘉義縣番路鄉茶科159甲線道26k
829,Shelly,阿里山·倉伯露營區,嘉義縣阿里山鄉四鄰129-11號
830,Shelly,太和觀光果園露營區,嘉義縣梅山鄉樟樹湖17號
831,Shelly,夕落山居露營區,嘉義縣番路鄉
832,Shelly,杉緣星空露營區,嘉義縣阿里山鄉8鄰205號
833,Shelly,吉恩典山丘露營區,嘉義縣水上鄉三界埔段532-4地號
834,Shelly,星月傳說露營區,嘉義縣番路鄉
835,Shelly,達邦村受不寮露營區,嘉義縣阿里山鄉
836,Shelly,拾野 • 拾光 – 阿里山高美露營區,嘉義縣阿里山鄉
837,Shelly,瑞里雲淡風輕露營區,嘉義縣梅山鄉15號附
838,Shelly,星知心露營區,嘉義縣番路鄉
839,Shelly,星晴朗露營區,嘉義縣番路鄉
840,Shelly,油車寮露營區,嘉義縣梅山鄉
841,Shelly,天長地久露營區,嘉義縣番路鄉
842,Shelly,格瑞菈森林~瑞里賞螢 露營區生態導覽 包場露營 親子露營活動,嘉義縣梅山鄉縣道公里166瑞水產業道路
843,Shelly,景山露營區,嘉義縣竹崎鄉光華村2鄰23號
844,Shelly,龍頂山露營區,嘉義縣番路鄉8鄰3號
845,Shelly,詩情花園度假村,嘉義縣中埔鄉1號
846,Shelly,良亭花岩露營區,嘉義縣梅山鄉
847,Shelly,小森林露營區,嘉義縣阿里山鄉樂野村2鄰70-6號
848,Shelly,太山農場露營區,嘉義縣梅山鄉二鄰11號
849,Shelly,嘉義市東區,嘉義市東區幼獅路29號
850,Shelly,阿里山仙坪露營區,嘉義縣竹崎鄉光華村頂笨宅1鄰2-2號
851,Shelly,日麗風合露營區,嘉義縣梅山鄉瑞峰村生毛樹25號附3號
852,Shelly,振峯茶園碧湖山營區,嘉義縣梅山鄉嘉151鄉道1號8k處
853,Shelly,石臥牛露營區,嘉義縣中埔鄉10-8號
854,Shelly,阿里山石窯園露營區,嘉義縣竹崎鄉號
855,Shelly,老鼠溪咖啡莊園營區Ａ區,嘉義縣阿里山鄉
856,Shelly,小瓶秘境休閒農場,嘉義縣梅山鄉
857,Shelly,草山螢營休閒農場,嘉義縣番路鄉
858,Shelly,梅山雙溪夕陽星星露營區,嘉義縣梅山鄉7鄰22號
859,Shelly,拉拉克斯莊園,嘉義縣阿里山鄉段40號
860,Shelly,梅山古梅秘境休閒園區,嘉義縣梅山鄉
861,Shelly,半天岩10號露營區,嘉義縣番路鄉岩仔10號
862,Shelly,禾田農莊,嘉義縣阿里山鄉2鄰82號
863,Shelly,山樂園,嘉義縣阿里山鄉一鄰2號附11號
864,Shelly,瓜地亞那Gwaliana露營區&餐廳&咖啡,嘉義縣阿里山鄉
865,Shelly,谷石丘∆露營,嘉義縣梅山鄉
866,Shelly,水綠光露營知嘉,嘉義縣番路鄉6號
867,Shelly,瑞里旭淳露營地,嘉義縣梅山鄉幼葉林107號
868,Shelly,29.5k咖啡莊園&慢漫山林露營區,嘉義縣梅山鄉瑞峰村二坪仔15-1號
869,Shelly,林間秘境露營區,嘉義縣阿里山鄉
870,Shelly,三寶山露營區,嘉義縣番路鄉
871,Shelly,阿里山頂笨仔綠野仙蹤露營區,嘉義縣竹崎鄉號
872,Shelly,天一露營區,嘉義縣竹崎鄉光華村11鄰茄苳仔29號
873,Shelly,羅老爸的家露營區,嘉義縣阿里山鄉
874,Shelly,竹崎開心農場,嘉義縣竹崎鄉23-
875,Shelly,自然曙光莊園,嘉義縣番路鄉
876,Shelly,山波Δ露營,嘉義縣阿里山鄉號
877,Shelly,太平32彎露營區(車床天地特約),嘉義縣梅山鄉8之8號
878,Shelly,崧園茶葉露營區,嘉義縣梅山鄉
879,Shelly,玉讚露營區,嘉義縣番路鄉
880,Shelly,阿里山冠銘露營區,嘉義縣竹崎鄉UnnamedRoad
881,Shelly,特富野伊利雅娜露營區,嘉義縣阿里山鄉第9鄰245附5號
882,Shelly,美淞露營地,嘉義縣水上鄉
883,Shelly,雲景咖啡露營區,嘉義縣竹崎鄉中和村永和5-9號
884,Shelly,塔山下露營區,嘉義縣梅山鄉科子林林道
885,Shelly,荒郊野外露營區,嘉義縣阿里山鄉
886,Shelly,汪爸露營區,嘉義縣阿里山鄉樂野村四鄰129-6號
887,Shelly,民雄,嘉義縣民雄鄉大學路一段與號正大路交叉口
888,Shelly,九叔公露營區,嘉義縣竹崎鄉23號
889,Shelly,塘湖古道露營農場停車場一,嘉義縣竹崎鄉
890,Shelly,南鞍營地2286m,嘉義縣阿里山鄉
891,Shelly,特富野露營區 Tfuya Campground,嘉義縣阿里山鄉拉拉克斯部落聯絡道
892,Shelly,阿里山迷糊露營區,嘉義縣阿里山鄉69號
893,Shelly,三界埔農莊,嘉義縣水上鄉
894,Shelly,塘湖古道休閒農場,嘉義縣竹崎鄉仁壽村福建坪5號
895,Shelly,龍銀山花園＆露營,嘉義縣番路鄉龍頭17號之19號
896,Shelly,山中曉露,嘉義縣竹崎鄉光華村1鄰3號
897,Shelly,琢英露營場,嘉義縣梅山鄉橫山6號
898,Shelly,三木生態教育園區,嘉義縣梅山鄉
899,Shelly,安靖見聊,嘉義縣梅山鄉
900,Shelly,阿里山有機小農露營區,嘉義縣阿里山鄉樂野村
901,Shelly,阿里山螢火蟲露營區(狩獵帳),嘉義縣竹崎鄉笨仔遊憩區
902,Shelly,老鼠溪露營區B區,嘉義縣阿里山鄉老鼠溪農場
903,Shelly,鷺野之家,嘉義縣梅山鄉
904,Shelly,老鼠溪咖啡莊園營區C區,嘉義縣阿里山鄉
905,Shelly,悅日松林,嘉義縣梅山鄉嘉154鄉道
906,Shelly,來灣哈露營區(B區),嘉義縣
907,Shelly,太平162停車露營,嘉義縣梅山鄉龍眼路59號
908,Shelly,亞亞竹露營區,嘉義縣阿里山鄉
909,Shelly,振峯茶園太平山露營區,嘉義縣梅山鄉
910,Shelly,草地兄弟露營區,嘉義縣番路鄉大華公路
911,Shelly,阿里山特富野古道露營區,嘉義縣阿里山鄉巴沙娜至十字部落聯絡道
912,Shelly,大白樹旅行村,嘉義縣竹崎鄉22號
913,Shelly,桃花村有機休閒農場,嘉義縣阿里山鄉地6鄰
914,Shelly,石腳桶,嘉義縣番路鄉
915,Shelly,大片田尾小地方,嘉義縣番路鄉
916,Shelly,57秘密基地,嘉義縣梅山鄉大坪57號
917,Shelly,阿里山樂野牧匠露營區,嘉義縣阿里山鄉70號
918,Shelly,嘉義縣頂笨仔文化協會,嘉義縣竹崎鄉頂笨仔22之1號
919,Shelly,哈哈拿露營區,嘉義縣阿里山鄉阿里山鄉里佳村10號
920,Shelly,穿山甲露營區,嘉義縣阿里山鄉里佳村里佳29號
921,Shelly,光華頂笨仔遊憩區,嘉義縣竹崎鄉
922,Shelly,花舞山嵐 農莊,嘉義縣番路鄉
923,Shelly,源峰茶廠露營區,嘉義縣梅山鄉四鄰5號
924,Shelly,國榮製茶所,嘉義縣梅山鄉龍眼林段3號附8號
925,Shelly,微笑灣休閒農場,宜蘭縣頭城鎮仙公路180巷50號
926,Shelly,Syano夏諾營露營區,宜蘭縣大同鄉泰雅路二段33巷31號之
927,Shelly,星亮點Kayu露營區,宜蘭縣大同鄉泰雅路一段88巷99號
928,Shelly,東風綠活 Oriental Green,宜蘭縣冬山鄉中山路769號
929,Shelly,天梯露營區,宜蘭縣大同鄉泰雅路一段88巷66號
930,Shelly,露境東岳探險渡假營地,宜蘭縣南澳鄉蘇花路五段一巷5-1號宜蘭縣蘇澳鎮
931,Shelly,淺山休閒露營園區,宜蘭縣大同鄉古魯巷1-17號
932,Shelly,鷗漫景觀農場,宜蘭縣礁溪鄉匏杓崙路132-15號
933,Shelly,幸福城景觀露營區,宜蘭縣大同鄉住址：大同鄉泰雅路二段29巷58-6號！
934,Shelly,天際線茶園營地,宜蘭縣大同鄉泰雅路一段88巷88號
935,Shelly,沐野露營區,宜蘭縣大同鄉泰雅路二段92巷99-1號
936,Shelly,宜蘭大同 祕密基地露營區,宜蘭縣大同鄉泰雅路二段88巷211-9號
937,Shelly,景好露營區,宜蘭縣大同鄉泰雅路一段12巷111號
938,Shelly,雲端紅土咖啡露營區,宜蘭縣大同鄉57號
939,Shelly,無憂花露營區,宜蘭縣礁溪鄉白石腳路157巷88號
940,Shelly,橘子園露營區,宜蘭縣礁溪鄉白石腳路135號之1號
941,Shelly,濃情蜜意瓜瓜園,宜蘭縣大同鄉寒溪巷71-6號
942,Shelly,松蘿園林露營區,宜蘭縣大同鄉泰雅路二段92巷199之1號
943,Shelly,星霧宿,宜蘭縣大同鄉泰雅一路牛鬥81之7號
944,Shelly,皇家熊 The Royal Bear Camp 宜蘭冬山露營區,宜蘭縣冬山鄉小埤五路331號
945,Shelly,見望村親子休閒農場,宜蘭縣大同鄉華興巷48之1號
946,Shelly,大同圓頂360(狩獵帳)全區禁帶寵物,宜蘭縣大同鄉UnnamedRd
947,Shelly,926露營基地,宜蘭縣礁溪鄉匏杓崙路150之50號
948,Shelly,天ㄟ藝文露營區,宜蘭縣冬山鄉大埤二路75巷26號
949,Shelly,露山林套房露營區,宜蘭縣大同鄉古魯巷1之8号
950,Shelly,哇吉散露營區,宜蘭縣大同鄉泰雅一路牛鬥81之1號
951,Shelly,原最露營區,宜蘭縣大同鄉泰雅路二段118之25號
952,Shelly,天ㄟ露營車,宜蘭縣冬山鄉大埤二路75巷1號
953,Shelly,田野森農場Morilife,宜蘭縣冬山鄉大進二路246號
954,Shelly,八福原地,宜蘭縣南澳鄉81巷
955,Shelly,一山半水露營區,宜蘭縣大同鄉寒溪巷68之9號
956,Shelly,溪河木露營區,宜蘭縣大同鄉松羅南巷115-7號
957,Shelly,又想露營趣,宜蘭縣冬山鄉照安一路360之1號
958,Shelly,飛亞蘭露營區,宜蘭縣大同鄉泰雅路五段46號
959,Shelly,Lemon Tree No. 16,宜蘭縣礁溪鄉龍潭路172巷16號
960,Shelly,夢土上Glamping,宜蘭縣礁溪鄉二結路8之2號
961,Shelly,幸福瑪崙露營區,宜蘭縣大同鄉樂水路20巷150-1號
962,Shelly,五葉松林休閒露營區,宜蘭縣大同鄉泰雅路二段33巷31之1號
963,Shelly,東澳露營趣,宜蘭縣蘇澳鎮東澳灣北灘
964,Shelly,山谷星空,宜蘭縣三星鄉泰雅一路301巷71號
965,Shelly,斯揚莫那休閒莊園,宜蘭縣大同鄉
966,Shelly,南澳農場,宜蘭縣蘇澳鎮海岸路92號
967,Shelly,三星鄉立游泳池,宜蘭縣三星鄉義德路58之8號
968,Shelly,宜蘭南澳 老柯野外探索營地 金洋,宜蘭縣南澳鄉博愛路18-1號
969,Shelly,山谷樂生態園區民宿露營,宜蘭縣冬山鄉中山路802號
970,Shelly,杉林奇蹟露營區,宜蘭縣礁溪鄉二結路94號
971,Shelly,摩西露營區,宜蘭縣大同鄉
972,Shelly,露樹露營區,宜蘭縣礁溪鄉白石腳路101號
973,Shelly,宇世格爵露營區,宜蘭縣大同鄉碼崙路16號
974,Shelly,牛鬥一角宜蘭露營區民宿,宜蘭縣三星鄉泰雅一路525巷牛頭203號
975,Shelly,太平山森活趣渡假農場,宜蘭縣大同鄉泰雅路六段2巷6-3號台七甲線km處
976,Shelly,Uwah露營區,宜蘭縣大同鄉華興巷42-18號
977,Shelly,沐嵐園,宜蘭縣大同鄉玉蘭21-6號
978,Shelly,喬之約露營區,宜蘭縣南澳鄉碧侯部落聯絡道路
979,Shelly,小董山間野炊泰雅文化旅遊,宜蘭縣大同鄉華興巷1-10號
980,Shelly,新飛亞蘭,宜蘭縣大同鄉
981,Shelly,阿柑露營場,宜蘭縣三星鄉
982,Shelly,睡海邊,宜蘭縣蘇澳鎮東澳路101巷19號
983,Shelly,冰糖山包場露營地,宜蘭縣南澳鄉冰糖山路1號東澳火車站~開車10分鐘即可到達
984,Shelly,金岳秘境露營區,宜蘭縣南澳鄉
985,Shelly,莎莉慕休閒露營區,宜蘭縣南澳鄉橫山路13之11號
986,Shelly,武荖坑風景區,宜蘭縣蘇澳鎮武荖坑路75號
987,Shelly,彩虹杯杯館,宜蘭縣大同鄉華興巷1-7號
988,Shelly,得天露營車,宜蘭縣礁溪鄉五峰路69號
989,Shelly,那山那谷,宜蘭縣南澳鄉金洋路2號
990,Shelly,愛露營,宜蘭縣大同鄉林家50之6號
991,Shelly,SHALOM夏龍文旅,宜蘭縣蘇澳鎮東澳灣北灘
992,Shelly,達樣山林露營區,宜蘭縣大同鄉泰雅一路牛鬥巷2鄰號67之11號
993,Shelly,布拉布拉BULABULA,宜蘭縣南澳鄉東岳路81巷
994,Shelly,Leshan樂山環茶,宜蘭縣冬山鄉太和路615號
995,Shelly,鄉野沐田休閒農場,宜蘭縣員山鄉八甲路15之16號
996,Shelly,摩諾營地,宜蘭縣南澳鄉宜57鄉道金洋路摩諾營地
997,Shelly,樂樂緣地露營區,宜蘭縣南澳鄉
998,Shelly,慕塔夏 Camp Butasya,宜蘭縣南澳鄉武塔村新溪路2鄰46號金洋二號橋路
999,Shelly,瀧雲山莊~伊娜達漾露營區,宜蘭縣南澳鄉橫山路13之7號
1000,Shelly,Myasa,宜蘭縣南澳鄉
1001,Shelly,日安農場,宜蘭縣員山鄉坡城路100之1號
1002,Shelly,亞爸的山,宜蘭縣大同鄉泰雅路七段363之1號
1003,Shelly,山海匯靜思露營區,宜蘭縣頭城鎮福德坑路5-1號
1004,Shelly,尤酷玩家 CampArea,宜蘭縣南澳鄉東岳部落聯絡道路連絡道路
1005,Shelly,築夢園迷你露營區,宜蘭縣大同鄉林森巷20-1號
1006,Shelly,幽洛谷慕露營區,宜蘭縣南澳鄉東岳部落聯絡道路
1007,Shelly,天涯九號露營區,宜蘭縣南澳鄉橫山路13-16號
1008,Shelly,夢象家戶外基地,屏東縣萬巒鄉光明路42-10號
1009,Shelly,戴雅露營區,屏東縣三地門鄉UnnamedRoad
1010,Shelly,普查卡朗露營區,屏東縣泰武鄉通往舊泰武村的路上
1011,Shelly,旭海日出東方 露營區,屏東縣牡丹鄉東海路47-11號
1012,Shelly,獅子鄉奇荖亢露營地,屏東縣獅子鄉四巷943號60之1號
1013,Shelly,賽嘉樂園,屏東縣三地門鄉賽嘉巷120號
1014,Shelly,日光境,屏東縣泰武鄉泰武部落至佳興部落聯絡道路
1015,Shelly,鵰瓦納休閒露營區,屏東縣泰武鄉佳興部落至舊武潭部落聯絡道路與號泰佳道路交叉口後方200公尺
1016,Shelly,林沐林 親子露營區,屏東縣牡丹鄉村東源路137號
1017,Shelly,快樂白沙露營區,屏東縣恆春鎮白砂路31-2號
1018,Shelly,獵人露營區,屏東縣瑪家鄉瑪家道路
1019,Shelly,沿山森林秘境,屏東縣萬巒鄉沿山路二段353號
1020,Shelly,思樂谷,屏東縣泰武鄉佳興部落至舊武潭部落聯絡道路與號泰佳道路交叉口前方50公尺
1021,Shelly,里港河堤秘境,屏東縣里港鄉過江路67-35號
1022,Shelly,沿山森林秘境〔🌲桃花心木森林步道🌲〕,屏東縣萬巒鄉縣道185號公里
1023,Shelly,地福露安休閒露營區,屏東縣泰武鄉良武巷132號
1024,Shelly,古仁人露營區,屏東縣霧台鄉小山巷2-18號
1025,Shelly,霧與啡露營區,屏東縣瑪家鄉
1026,Shelly,kikiu綠地露營區,屏東縣牡丹鄉石門村1-14號
1027,Shelly,神山卡布魯露營區,屏東縣霧台鄉神山巷1-16號
1028,Shelly,沐星田,屏東縣恆春鎮頭溝路129之85號
1029,Shelly,原然小農露營農場,屏東縣萬巒鄉光復路53號
1030,Shelly,桃花園,屏東縣瑪家鄉崑山巷16號
1031,Shelly,亞利桑娜露營區,屏東縣牡丹鄉大梅路68之9號
1032,Shelly,賽嘉樂園營地,屏東縣三地門鄉賽嘉巷120號號
1033,Shelly,河畔露營區,屏東縣牡丹鄉大梅路1之20號
1034,Shelly,巴里露營區,屏東縣獅子鄉村竹坑巷2之9號
1035,Shelly,qaluvu卡魯夫農場,屏東縣牡丹鄉
1036,Shelly,輕鬆露營地,屏東縣高樹鄉勝利路1之20號
1037,Shelly,巴拿星空露營區,屏東縣牡丹鄉片埔路
1038,Shelly,墾丁香蕉灣原始林露營區,屏東縣恆春鎮鵝鑾里船帆路238-2號
1039,Shelly,旭海舞浪園民宿露營區,屏東縣牡丹鄉旭海路95之6號
1040,Shelly,大漢山森林療癒農場,屏東縣春日鄉春日路67號勿使用地址導航
1041,Shelly,慕谷灣露營休憩區,屏東縣霧台鄉谷川部落4號
1042,Shelly,噠噠鞍咖啡農莊,屏東縣泰武鄉良武巷168號
1043,Shelly,屏東三地門_德文獵人學校民宿露營區,屏東縣三地門鄉德文村
1044,Shelly,紗舍客棧咖啡莊園露營區,屏東縣泰武鄉
1045,Shelly,海山露營區,屏東縣恆春鎮島路200-2號
1046,Shelly,旭海九大露營區,屏東縣牡丹鄉旭海路1-16號
1047,Shelly,黑豬的家私人會館(平日需預約）,屏東縣高樹鄉公平路1-75號
1048,Shelly,士文自然休閒農場,屏東縣春日鄉士文路52-2號
1049,Shelly,地穀倉咖啡露營區,屏東縣泰武鄉老潭巷110號
1050,Shelly,旭海MaNa瑪娜園區,屏東縣牡丹鄉旭海路1-8號
1051,Shelly,旭海順益露營區,屏東縣牡丹鄉東海路47之12號
1052,Shelly,綠野遊蹤民宿露營區,屏東縣高樹鄉義興路16之1號
1053,Shelly,叢林原色,屏東縣牡丹鄉石門路17號
1054,Shelly,水悠悠農場,屏東縣泰武鄉2鄰21號
1055,Shelly,伊部落露營區,屏東縣三地門鄉民族巷100-4號
1056,Shelly,蒙馬羅露營農莊,屏東縣滿州鄉村永南路20-7號
1057,Shelly,豆趣農場,屏東縣萬巒鄉縣道公里
1058,Shelly,車露,屏東縣枋山鄉
1059,Shelly,尚田休閒驛站 附設露營,屏東縣高樹鄉大山一路60號
1060,Shelly,華園露營民宿,屏東縣牡丹鄉大梅路1之7號
1061,Shelly,山野旭日灣露營區,屏東縣牡丹鄉源路1之20號
1062,Shelly,青山露營區,屏東縣恆春鎮鵝鑾里砂島路234-3號
1063,Shelly,朱家老號烤肉露營區,屏東縣鹽埔鄉
1064,Shelly,樂園露營區,屏東縣琉球鄉復興路32-15號
1065,Shelly,霧台神山Ra噠呢露營區,屏東縣霧台鄉神山巷1-22號
1066,Shelly,白砂海景露營區,屏東縣恆春鎮白砂路31號
1067,Shelly,霧台神山賴媽媽驛棧,屏東縣霧台鄉神山巷1-9號
1068,Shelly,沙島露營區,屏東縣恆春鎮鵝鑾里砂島路200號之1號
1069,Shelly,黑黑小農 glamping,屏東縣高樹鄉明義路9號
1070,Shelly,松秀雅築露營場,屏東縣高樹鄉祥興街179號
1071,Shelly,多阿隆農莊,屏東縣泰武鄉
1072,Shelly,阿法里露營區,屏東縣牡丹鄉大梅路68之27號
1073,Shelly,吉野家農莊露營區,屏東縣泰武鄉來義鄉佳興部落至舊武潭部落聯絡道路
1074,Shelly,Nasi深呼吸,屏東縣牡丹鄉
1075,Shelly,白沙露營區,屏東縣恆春鎮樹林路3之6號
1076,Shelly,新都驕溪野營地,屏東縣獅子鄉
1077,Shelly,旭海灣,屏東縣牡丹鄉東海路15-6號
1078,Shelly,巴德卡茲休閒園區,屏東縣牡丹鄉牡丹路242-12號
1079,Shelly,29觀海營區,屏東縣恆春鎮萬里路29號
1080,Shelly,貓仔坑露營區,屏東縣恆春鎮
1081,Shelly,涼山一號棧,屏東縣瑪家鄉號
1082,Shelly,樂逃園,屏東縣滿州鄉福德路2-8號
1083,Shelly,墾丁溪之谷樹屋農場,屏東縣車城鄉竹社路9之3號
1084,Shelly,車床天地德文棧,屏東縣三地門鄉
1085,Shelly,後灣豆腐小學堂,屏東縣車城鄉後灣路193號
1086,Shelly,麓人岬露營區,屏東縣恆春鎮茄苳路萬泉巷80-50號
1087,Shelly,十朋金露營區,屏東縣東港鎮船頭路71之26號
1088,Shelly,Cedas太陽那邊,屏東縣牡丹鄉
1089,Shelly,德瓦農場,屏東縣霧台鄉達那高嘟
1090,Shelly,小琉球生態休閒營區,屏東縣琉球鄉復興路200號
1091,Shelly,萬丹蜂香園,屏東縣萬丹鄉香內路331巷190號
1092,Shelly,壹參玖貳,屏東縣泰武鄉大武山三街七號
1093,Shelly,泰武之眼,屏東縣泰武鄉佳平巷190-20號
1094,Shelly,墾丁清涼露營區,屏東縣恆春鎮鵝鑾里砂島路234-1號
1095,Shelly,小琉球特區營地,屏東縣琉球鄉肚仔坪路15之2號
1096,Shelly,念念不忘棧點,屏東縣高樹鄉世一路100之20號
1097,Shelly,小山丘,屏東縣泰武鄉老潭巷
1098,Shelly,君臨露營區,屏東縣恆春鎮墾丁路330之9號
1099,Shelly,糖居歲月,屏東縣南州鄉永安路1號
1100,Shelly,多隆納,屏東縣泰武鄉佳平巷230號
1101,Shelly,灞吶山莊,屏東縣泰武鄉510號5鄰
1102,Shelly,觀星山莊露營民宿,屏東縣三地門鄉北巴巷99號
1103,Shelly,山溪松徑咖啡莊園,屏東縣三地門鄉北巴巷44號
1104,Shelly,霧台獼猴補眠區,屏東縣三地門鄉
1105,Shelly,山野包棟民宿,屏東縣萬巒鄉信敏路1-12號
1106,Shelly,彰化露營哈比雪兒happy,彰化縣北斗鎮復興路316巷
1107,Shelly,二林中科農場,彰化縣二林鎮_中正巷9-30號
1108,Shelly,彰化五六弄,彰化縣二林鎮詹厝路7號
1109,Shelly,公司一星伴,彰化縣芬園鄉
1110,Shelly,成功營區綠色環境學習營地,彰化縣彰化市公園路一段409號
1111,Shelly,清水那方 遊憩園地,彰化縣社頭鄉山腳路一段268號
1112,Shelly,哈比雪兒園區,彰化縣北斗鎮復興路316巷
1113,Shelly,星錡休閒農場,彰化縣永靖鄉東畔路238之46號
1114,Shelly,烏來967高地露營區,新北市烏來區信福路120巷18號
1115,Shelly,沙瑪泰雅傳統露營區,新北市烏來區西羅岸路
1116,Shelly,新北市石碇童軍營地,新北市石碇區
1117,Shelly,茶香地營地,新北市坪林區坪雙路一段102號
1118,Shelly,海麗愛哈皮 野孩子的營地,新北市貢寮區巫里岸街18號往山下200公尺的溪邊
1119,Shelly,青山營地,新北市坪林區48之1號
1120,Shelly,幸福山林巴,新北市淡水區12號之
1121,Shelly,恬緣烤肉露營區,新北市三峽區建安路75-5號
1122,Shelly,桶後溪營地,新北市烏來區
1123,Shelly,坪林長青露營區,新北市坪林區
1124,Shelly,清泉水頭營地,新北市坪林區新北市坪林區漁光里粗石斛6之2號
1125,Shelly,坪林露營,新北市坪林區金瓜寮路13-2號
1126,Shelly,張家莊,新北市雙溪區
1127,Shelly,頭目山水,新北市烏來區
1128,Shelly,福山達卡露營區,新北市烏來區大羅蘭19之1號
1129,Shelly,福山大羅蘭露營區,新北市烏來區大羅蘭七號
1130,Shelly,坪林露營,新北市坪林區粗窟村仁里13號
1131,Shelly,林口北堤大風車,新北市林口區
1132,Shelly,茶香村之旅露營區,新北市坪林區
1133,Shelly,坪安潭營地,新北市坪林區大粗坑6之1號
1134,Shelly,準休閒農場,新北市五股區新五路二段70號
1135,Shelly,車床天地,新北市三峽區號
1136,Shelly,龍門露營區C區營地,新北市貢寮區
1137,Shelly,永賓露營區,新北市坪林區磨壁潭10-1號
1138,Shelly,山中居私人別墅露營區,新北市新店區平廣路一段241號
1139,Shelly,自在草堂露營車改裝,新北市瑞芳區
1140,Shelly,丹內丹內野奢莊園 DANNEI GLAMPING,新北市貢寮區仁和路21號
1141,Shelly,享呆露營車出租,新北市新店區安康路二段287號
1142,Shelly,有木里辦公處,新北市三峽區有木里193號
1143,Shelly,樂見山露營區,桃園市復興區成福路
1144,Shelly,飛督努休閒 露營區,桃園市復興區20-1號
1145,Shelly,樹不老休閒莊園,桃園市復興區
1146,Shelly,爺亨溪岸露營區,桃園市復興區7鄰15之21號
1147,Shelly,臻美營地,新竹縣尖石鄉煤源段8鄰36-2號
1148,Shelly,遇見嵨ㄨˇ繞,新竹縣尖石鄉9號
1149,Shelly,自然野趣露營區(一般營位,新竹縣尖石鄉新樂農路
1150,Shelly,戀戀天湖露營區,新竹縣五峰鄉花園村天湖219-15號
1151,Shelly,高台山露營區(狩獵帳),新竹縣尖石鄉那羅26號臨
1152,Shelly,好麻吉私房景點露營區,新竹縣五峰鄉-
1153,Shelly,童話森林露營地,新竹縣尖石鄉UnnamedRoad
1154,Shelly,尖石夢田營區(狩獵帳),新竹縣尖石鄉村5鄰270-5號
1155,Shelly,四季露營區,新竹縣五峰鄉305-2號
1156,Shelly,蘇珊藏美露營區,新竹縣五峰鄉17鄰296-28號
1157,Shelly,馬瀨營地,新竹縣鄉花園村天湖196-3號
1158,Shelly,綠雲海露營區,新竹縣橫山鄉
1159,Shelly,遊橘露營區,新竹縣橫山鄉
1160,Shelly,露營樂3號店(狩獵帳)新竹尖石臻美館,新竹縣尖石鄉36-2號
1161,Shelly,新竹·五峰露營區,新竹縣五峰鄉花園村9鄰196-2號
1162,Shelly,櫻花谷露營區,新竹縣尖石鄉水田4鄰36-1號
1163,Shelly,漫步天湖露營區(狩獵帳),新竹縣五峰鄉219之31號
1164,Shelly,明園星空營地,新竹縣新埔鎮52之20號
1165,Shelly,梅后蔓露營區,新竹縣五峰鄉花園村8鄰花園185之
1166,Shelly,翡翠園露營區,新竹縣五峰鄉1鄰羅山24-16號
1167,Shelly,天湖露營區,新竹縣五峰鄉
1168,Shelly,緩緩李埔露營區 Huan Libu Camping,新竹縣尖石鄉1號
1169,Shelly,晴空森林,新竹縣尖石鄉那羅村煤源產業道路1.5公里右轉晴空小徑1.5公里
1170,Shelly,來！河繞露營區,新竹縣尖石鄉47號玉峰
1171,Shelly,相思園露營區,新竹縣尖石鄉96號錦屏村2鄰比麟96號
1172,Shelly,依山傍水休閒露營區,新竹縣尖石鄉九鄰79-3號
1173,Shelly,巴萬五峰露營區,新竹縣五峰鄉
1174,Shelly,森林遇,新竹縣尖石鄉號
1175,Shelly,秘花園親子露營區,新竹縣尖石鄉錦屏村12鄰那羅209號
1176,Shelly,熊麻吉親子露營區,新竹縣尖石鄉那羅209之七
1177,Shelly,馬武督露營趣,新竹縣關西鎮
1178,Shelly,函館露營區,新竹縣尖石鄉義興村9鄰107-1號
1179,Shelly,馬月台露營區,新竹縣尖石鄉馬胎21-6號
1180,Shelly,喜嵐田園露營區,新竹縣尖石鄉
1181,Shelly,668露營區,新竹縣尖石鄉水田道路139號台灣號
1182,Shelly,格步霧露營區(新竹縣五峰鄉),新竹縣五峰鄉-
1183,Shelly,水田六四露營區,新竹縣尖石鄉水田道路64-1號
1184,Shelly,老鷹溪107號營地,新竹縣尖石鄉7號
1185,Shelly,景色天地露營區,新竹縣尖石鄉內灣老街在導航上山路線才是正確道路
1186,Shelly,新竹內灣,新竹縣橫山鄉35號
1187,Shelly,賓。狗窩露營區,新竹縣五峰鄉
1188,Shelly,逗留營地,新竹縣竹東鎮16之13號
1189,Shelly,蟬說: 霧繞 Chanshuo Woorao glamping,新竹縣五峰鄉
1190,Shelly,福興小農庄,新竹縣橫山鄉號
1191,Shelly,樸真園六曲窩生態園區,新竹縣關西鎮六區窩道路
1192,Shelly,觀雲露營區,新竹縣五峰鄉
1193,Shelly,山的那一邊露營區,新竹縣五峰鄉18鄰311-37號
1194,Shelly,Payan露營區,新竹縣尖石鄉
1195,Shelly,嫻嫻＆棠棠露營區,國道3號
1196,Shelly,八五森林露營地,新竹縣尖石鄉號
1197,Shelly,戈巴侖露營區,新竹縣五峰鄉和平部落
1198,Shelly,樂奔露營區,新竹縣尖石鄉水田150之5號
1199,Shelly,忘憂農莊露營區,新竹縣橫山鄉
1200,Shelly,仙境微醺莊園,新竹縣五峰鄉-11號仙境微醺莊園
1201,Shelly,關西大象露營地,新竹縣關西鎮仁安里拱子溝九鄰26號
1202,Shelly,小米露營區,新竹縣五峰鄉
1203,Shelly,營墅風晴露營區,新竹縣關西鎮錦山里9鄰96號
1204,Shelly,泰里埔露營區,新竹縣尖石鄉3鄰24號
1205,Shelly,B612 (夕淞度日) 生態露營場,新竹縣五峰鄉竹林村1鄰羅山24-22號
1206,Shelly,星院露營區,新竹縣北埔鄉鄉下10鄰
1207,Shelly,微居。解秘,新竹縣關西鎮號
1208,Shelly,石牛山露營區,新竹縣關西鎮石牛山石福宮旁
1209,Shelly,觀星賞月露營區,新竹縣尖石鄉
1210,Shelly,花湖美地露營區,新竹縣五峰鄉花園村9鄰196號
1211,Shelly,悠野's露營區,新竹縣尖石鄉號
1212,Shelly,閣馬雅農場附設露營區,新竹縣尖石鄉
1213,Shelly,KT露營區,新竹縣五峰鄉花園村8鄰167-1號
1214,Shelly,野漾莊園,新竹縣橫山鄉馬福89號
1215,Shelly,芬蘭露營區,新竹縣五峰鄉
1216,Shelly,溪遊記露營區,新竹縣鄉義興村六鄰馬胎3之2號
1217,Shelly,怡德露營區,新竹縣尖石鄉水田
1218,Shelly,馬胎露比森林露營區,新竹縣尖石鄉義梅道路
1219,Shelly,野足營地,新竹縣五峰鄉天湖9鄰196-6號
1220,Shelly,五峰鄉梅山頂露營區,五峰鄉羅山林道南線24-10號
1221,Shelly,仙境露營區,新竹縣尖石鄉錦屏村6鄰吹上39之
1222,Shelly,移動城堡露營區,新竹縣五峰鄉-3號
1223,Shelly,新竹舞蜜露營區,新竹縣五峰鄉竹林村
1224,Shelly,起初休閒露營區,新竹縣尖石鄉梅花村9鄰242-6號
1225,Shelly,新竹縣峨眉湖吾家農場,新竹縣峨眉鄉環湖路8-8號
1226,Shelly,油羅溪森林花園,新竹縣尖石鄉新樂村水田57號
1227,Shelly,北得拉曼休閒營地,新竹縣尖石鄉新樂村5鄰上水田150-2號
1228,Shelly,歐莎露營區Osa Camping,新竹縣尖石鄉2鄰
1229,Shelly,尖石之美露營渡假村,新竹縣尖石鄉1之1號
1230,Shelly,斯摩亞露營地,新竹縣關西鎮10鄰106號
1231,Shelly,威尼斯溫泉露營地,新竹縣橫山鄉33號
1232,Shelly,印象尖石露營區,新竹縣尖石鄉煤源29–3號
1233,Shelly,窩.露營,新竹縣五峰鄉羅山1鄰4-9號
1234,Shelly,怡然自德露營區,新竹縣尖石鄉梅花村
1235,Shelly,霞喀羅露營地,新竹縣324之20五峰鄉村民石
1236,Shelly,分享家樹苗園,新竹縣尖石鄉號
1237,Shelly,杉嵐營地,新竹縣五峰鄉
1238,Shelly,花現營地,新竹縣尖石鄉部落
1239,Shelly,尤命築園露營區,新竹縣尖石鄉新樂村煤源段8號
1240,Shelly,高山寨露營區,新竹縣五峰鄉上比來道路
1241,Shelly,小尖石露營區,新竹縣尖石鄉
1242,Shelly,露露米露營區,新竹縣五峰鄉
1243,Shelly,寶石蘭露營區,新竹縣尖石鄉61之8號
1244,Shelly,有愛一家露營區,新竹縣五峰鄉一鄰23-5號
1245,Shelly,松木青露營區,新竹縣五峰鄉大隘村14鄰266號
1246,Shelly,大東田露營區,新竹縣五峰鄉
1247,Shelly,大霸雅脈露營區,新竹縣五峰鄉
1248,Shelly,香吉樂活露營趣,新竹縣五峰鄉羅山2鄰31號
1249,Shelly,瑞森雲烟露營區,新竹縣尖石鄉錦屏後山產業道路184號
1250,Shelly,鐵露局露營區,新竹縣五峰鄉花園村天湖221-5號
1251,Shelly,蟬說: 霧語 Chanshuo WooYuu,新竹縣五峰鄉白蘭315-5號
1252,Shelly,谷漢休閒露營區,新竹縣尖石鄉14鄰160之1號
1253,Shelly,雪花的露營區,新竹縣尖石鄉梅花9鄰236號
1254,Shelly,尖石天空小木屋露營區,新竹縣尖石鄉
1255,Shelly,老牛露營區,新竹縣五峰鄉18鄰312-3號
1256,Shelly,梅花梯田免裝備露營區,新竹縣尖石鄉3鄰梅花79之3號
1257,Shelly,野薑花露營區,新竹縣尖石鄉錦屏村那羅一部落
1258,Shelly,比拉多露營區,新竹縣五峰鄉25號
1259,Shelly,水田谷露營地,新竹縣尖石鄉水田第4鄰123之1號
1260,Shelly,尖石鄉 星光閃閃露營區,新竹縣尖石鄉玉峰段682號
1261,Shelly,梅村露營區,新竹縣尖石鄉號
1262,Shelly,飛鼠不渴山上學校露營農場,桃園市復興區
1263,Shelly,福田美地休閒農場,桃園市復興區庫志道路11鄰24號
1264,Shelly,沒搞頭露營區,桃園市復興區6鄰21號
1265,Shelly,美腿山親子露營區,桃園市復興區11鄰75號
1266,Shelly,葛鹿營地,桃園市復興區2鄰合流48之8號
1267,Shelly,樂悠露營,桃園市復興區奎輝里2鄰下奎輝3-1號
1268,Shelly,溪口台露營渡假園區(部落體驗&旅居車),桃園市復興區羅馬路二段268號
1269,Shelly,森森親子露營區,桃園市大溪區福山一路118-1號
1270,Shelly,亞霧香草營區,桃園市復興區
1271,Shelly,八度野溪露營區(免裝備露營車,桃園市復興區羅馬路三段238號
1272,Shelly,Kusu 庫司景觀露營區,桃園市復興區桃園市復興區復興區庫志道路35之
1273,Shelly,叢林開始懶人露營區Glamping,桃園市龍潭區德湖街369號
1274,Shelly,溫度露營區,桃園市復興區12號
1275,Shelly,壘薩露營區,桃園市復興區卡普
1276,Shelly,桃園復興鄉露營地,桃園市復興區8鄰26號
1277,Shelly,比亞山露營區,桃園市復興區
1278,Shelly,塔木休閒農場,桃園市復興區10鄰29之5號
1279,Shelly,可飛鹿露營區,桃園市復興區羅馬公路2鄰12號km處之
1280,Shelly,長興山水靜露營區,桃園市復興區長興里17鄰54號
1281,Shelly,恩愛農場露營地,桃園市復興區華陵里巴崚143之1號
1282,Shelly,好馨勤齊露營,桃園市復興區羅馬公路57K處號
1283,Shelly,布納星空露營區,桃園市復興區25之6號
1284,Shelly,夢想家園露營區,桃園市復興區華陵里9鄰85號
1285,Shelly,利河伯休閒農園露營區,桃園市復興區爺亨段
1286,Shelly,熊老大露營區,桃園市復興區
1287,Shelly,露薩 Lu Sa 露營區,桃園市復興區號
1288,Shelly,泰雅秘境露營區,桃園市復興區2號
1289,Shelly,蜻蜓露營區,桃園市復興區奎輝里7鄰嘎色鬧2號
1290,Shelly,山雲海露營農場,桃園市復興區中心路156號
1291,Shelly,庫巴露營區,桃園市復興區庫志道路31-3號
1292,Shelly,比固花園,桃園市復興區
1293,Shelly,伊萬農場露營區,桃園市復興區高義里雪霧鬧
1294,Shelly,達彥休閒露營區,桃園市復興區庫志道路32號
1295,Shelly,達拉蓋風景露營區(狩獵帳),桃園市復興區
1296,Shelly,拉拉山長榮果園露營區,桃園市復興區中心路138-2號
1297,Shelly,雲霧農場,桃園市復興區色霧鬧10-21號
1298,Shelly,馬灣露營區,桃園市復興區霞雲里
1299,Shelly,奎輝營地,桃園市復興區奎輝里5鄰12號
1300,Shelly,清龍谷渡假中心,桃園市復興區流霞路50號
1301,Shelly,翠墨莊園,桃園市復興區
1302,Shelly,石秀灣五葉松露營區,桃園市復興區羅馬路五段330號
1303,Shelly,爺亨溫泉夢幻莊園露營區,桃園市復興區爺亨道路24號
1304,Shelly,歐陽莊園,桃園市復興區高義蘭道路65之7號
1305,Shelly,上杉露營區,桃園市復興區6鄰28之
1306,Shelly,哇吶訕露營區,桃園市復興區14之18號
1307,Shelly,培雅境休閒露營區,桃園市復興區羅馬公路
1308,Shelly,拉拉山樂野露營區,桃園市復興區華陵村11鄰180-11號
1309,Shelly,谷力農場(狩獵帳),桃園市復興區義盛村10鄰義興29號
1310,Shelly,拉拉山木村的家露營區,桃園市復興區中心路156-2號
1311,Shelly,拉拉山塔曼之光露營區,桃園市復興區中心路315號
1312,Shelly,綠果子休憩站,桃園市大溪區美山路一段號166巷65號
1313,Shelly,桃園•復興露營區,桃園市復興區
1314,Shelly,馬莎度露營區,桃園市復興區
1315,Shelly,山大王休閒農莊,桃園市復興區成福路
1316,Shelly,木河谷營地,桃園市復興區
1317,Shelly,拉拉山觀星營地,桃園市復興區14鄰143-7號
1318,Shelly,和平橋露營區,桃園市復興區上宇內道路
1319,Shelly,一號地露營區,桃園市復興區
1320,Shelly,古渡園地,桃園市復興區中心路86巷11號
1321,Shelly,雲河露營農場,桃園市復興區中心路
1322,Shelly,桃園復興鄉桃子菇菇休閒農莊,桃園市復興區中心路148號
1323,Shelly,桃園市龍潭區石門國民小學第二校區,桃園市龍潭區民治路100號
1324,Shelly,Hola吼辣露營農場,桃園市復興區16號
1325,Shelly,摩亞露營區,桃園市復興區高義村雪霧鬧7鄰10-8號
1326,Shelly,遠見之星露營區,桃園市復興區中心路86巷28號
1327,Shelly,融奎霖休閒露營區,桃園市復興區13號
1328,Shelly,Colin 亞力山大露營區,桃園市復興區高義蘭道路65-9號
1329,Shelly,比該溪生態露營區,桃園市復興區9鄰89-1號
1330,Shelly,蝶木窩露營休閒坊,桃園市復興區羅浮里4鄰羅浮92號
1331,Shelly,Insuna‘尹宿納露營區,桃園市復興區
1332,Shelly,清清露營區,桃園市復興區-
1333,Shelly,拉拉山芘雅尚露營區,桃園市復興區-9號
1334,Shelly,綠境農場,桃園市大溪區中華路369巷33號
1335,Shelly,山上陽光休閒農莊,桃園市復興區一鄰號
1336,Shelly,雅比斯露營區,桃園市復興區華陵里9鄰69號
1337,Shelly,高坡金磐石露營區,桃園市復興區5號
1338,Shelly,喜樂麻谷烤肉露營休閒園區,桃園市復興區霞雲里4鄰佳志13-1號
1339,Shelly,拉拉山得拉互露營區,桃園市復興區
1340,Shelly,戀戀雅渡農場,桃園市復興區色霧鬧7鄰10之3號
1341,Shelly,山豬王露營區,桃園市復興區7鄰1之12號
1342,Shelly,阿爸的故事,桃園市復興區華陵里華陵村11鄰180號
1343,Shelly,貳柒珈琲露營區,桃園市復興區30-3號
1344,Shelly,施工中暫停服務,桃園市復興區
1345,Shelly,兔子坑露營區,桃園市龍潭區永昌路51巷18弄108之2號
1346,Shelly,卡普休閒農莊(Qapu Camping Area),桃園市復興區23號
1347,Shelly,杉與山 露營區,桃園市復興區中心路86巷
1348,Shelly,拉嘎露營區,桃園市復興區霞雲里佳志14之1號
1349,Shelly,享慢活 Double 5,桃園市新屋區港興路310號
1350,Shelly,微笑草地,桃園市復興區中心路86巷21號
1351,Shelly,那山達雅賀,桃園市復興區9-6號
1352,Shelly,Mliyang米利漾 x Camping Chill 露營,桃園市復興區2號
1353,Shelly,基拉耳山莊,桃園市復興區溪口路16巷29號
1354,Shelly,蘋果農莊,桃園市復興區色霧鬧7鄰10-20號
1355,Shelly,庭綩小棧,桃園市復興區1鄰16-3號
1356,Shelly,天成逸旅,桃園市龍潭區悅華路100號
1357,Shelly,爺亨溫泉露營區,桃園市復興區爺亨道路24號
1358,Shelly,享恩商店露營區,桃園市復興區溪口路86號
1359,Shelly,拉拉山．沄峰農場,桃園市復興區華陵村10鄰143之22號
1360,Shelly,桃園復興大樹下露營區,桃園市復興區32號
1361,Shelly,蒝區,桃園市楊梅區幼獅路一段439號東南側
1362,Shelly,山大王露營區,桃園市復興區成福路
1363,Shelly,友善露營區,桃園市復興區中心路160-7號
1364,Shelly,雅緻露營區,桃園市復興區三光段122地號果園
1365,Shelly,休旅家 梧桐心境露營區,桃園市龍潭區粗坑路622巷280號
1366,Shelly,花蓮海洋露營區,花蓮縣壽豐鄉大橋號30之6號
1367,Shelly,花蓮悠悠太魯閣露營區,花蓮縣秀林鄉民治132之11號
1368,Shelly,巴罕營家,花蓮縣秀林鄉70-
1369,Shelly,Ocean Chill 海憩露營區,花蓮縣新城鄉順安村
1370,Shelly,踏浪星辰豪華露營Camp,花蓮縣新城鄉七星街41巷11號
1371,Shelly,花蓮鯉魚潭露營渡假村,花蓮縣壽豐鄉池南路二段90號
1372,Shelly,高巢農場,花蓮縣秀林鄉崇德192之43號
1373,Shelly,花蓮8個浪露營區,花蓮縣秀林鄉
1374,Shelly,花蓮光復吉利潭星光露營區,花蓮縣光復鄉號
1375,Shelly,那座山隱癮coffee,花蓮縣秀林鄉
1376,Shelly,崇德瑩農場,花蓮縣秀林鄉下台地
1377,Shelly,山棧水居,花蓮縣秀林鄉19-12號
1378,Shelly,鷹谷露營區,花蓮縣豐濱鄉UnnamedRoad
1379,Shelly,石梯坪營地,花蓮縣豐濱鄉石梯坪52號
1380,Shelly,風七十營地,花蓮縣壽豐鄉大橋36-9號
1381,Shelly,嚮海·邊境Yearning for the sea,花蓮縣秀林鄉崇德192之45號
1382,Shelly,野宅 ye.zhai,花蓮縣秀林鄉192之28號
1383,Shelly,後山星月,花蓮縣壽豐鄉月眉村月眉二段37-1號
1384,Shelly,利巴哈克露營區,花蓮縣秀林鄉192之21號
1385,Shelly,後山逍遙露營區,花蓮縣光復鄉建國路一段15巷5-6號
1386,Shelly,石寨美自然生態工坊,花蓮縣萬榮鄉
1387,Shelly,山民治97漫活營地,花蓮縣秀林鄉民治97號
1388,Shelly,醉浪露營區,花蓮縣壽豐鄉大橋30-7號
1389,Shelly,眺浪一園區,花蓮縣豐濱鄉
1390,Shelly,吉米雄露營地,花蓮縣瑞穗鄉興鶴路一段42號
1391,Shelly,花蓮吉安海邊野營點,花蓮縣吉安鄉
1392,Shelly,AKI Camping 車宿露營區,花蓮縣秀林鄉98-22號
1393,Shelly,奇蹟農場,花蓮縣秀林鄉
1394,Shelly,白鮑溪休閒農場,花蓮縣秀林鄉
1395,Shelly,納格林野營,花蓮縣光復鄉
1396,Shelly,眺躍鳥水域活動營區,花蓮縣秀林鄉
1397,Shelly,Aki camping,花蓮縣秀林鄉佳民98號
1398,Shelly,海放你基地 Have Funny Base,花蓮縣豐濱鄉永豐路11-5號
1399,Shelly,山風露宿,花蓮縣萬榮鄉號
1400,Shelly,七腳川露營民宿,花蓮縣吉安鄉福昌路800號
1401,Shelly,夢星緣,花蓮縣壽豐鄉
1402,Shelly,#太陽農莊,花蓮縣秀林鄉崇德192之9號
1403,Shelly,七彩湖營地,花蓮縣萬榮鄉
1404,Shelly,奇蹟野戰營,花蓮縣秀林鄉加灣地號436號
1405,Shelly,鹽寮民宿,花蓮縣壽豐鄉花東海岸公路39號
1406,Shelly,白石池營地,花蓮縣萬榮鄉BaishiChi
1407,Shelly,松村,花蓮縣玉里鎮號
1408,Shelly,太平溪源營地,花蓮縣卓溪鄉
1409,Shelly,新富興露營區,花蓮縣瑞穗鄉拉吉禾部落聯絡道路
1410,Shelly,魚的家休閒農場,花蓮縣光復鄉西富村民有街51-2號
1411,Shelly,大理石營地,花蓮縣秀林鄉
1412,Shelly,太平谷營地,花蓮縣卓溪鄉
1413,Shelly,安通十全果園露營區,花蓮縣玉里鎮
1414,Shelly,丘壑營地,花蓮縣卓溪鄉
1415,Shelly,荖溪營地,花蓮縣秀林鄉
1416,Shelly,雪玉工作室,花蓮縣壽豐鄉號
1417,Shelly,雪玉工作室,花蓮縣壽豐鄉橋上岸弱肉強😑
1418,Shelly,超好躺的木頭,花蓮縣花蓮市
1419,Shelly,奇萊山北峰三叉營地,花蓮縣秀林鄉
1420,Shelly,豐盛美地,花蓮縣鳳林鎮鳳林鎮中泰路37號
1421,Shelly,許家福園,花蓮縣瑞穗鄉UnnamedRoad
1422,Shelly,南雙池營地,花蓮縣卓溪鄉
1423,Shelly,牛山呼庭,花蓮縣壽豐鄉牛山39-5號
1424,Shelly,CIDAL 阿美式風味餐,花蓮縣秀林鄉
1425,Shelly,黑水塘(尖山下山屋舊址),花蓮縣卓溪鄉
1426,Shelly,臺灣池營地,花蓮縣秀林鄉
1427,Shelly,水牛山農牧場,花蓮縣壽豐鄉牛山32號
1428,Shelly,莫那營地,花蓮縣秀林鄉崇德99之20號
1429,Shelly,瑞穗露營區2024,花蓮縣瑞穗鄉中山路三段215號
1430,Shelly,綠水營地,花蓮縣秀林鄉
1431,Shelly,花蓮崇德瑩聽海童話村,花蓮縣秀林鄉崇德瑩-聽海童話村
1432,Shelly,花蓮崇德,花蓮縣秀林鄉材下台地霧溪旁
1433,Shelly,東豐露營區,花蓮縣玉里鎮11之1號
1434,Shelly,O.B露營小屋,花蓮縣秀林鄉號
1435,Shelly,放空荒野,花蓮縣鳳林鎮
1436,Shelly,谷風野趣農場,花蓮縣卓溪鄉古風村石平51之6號
1437,Shelly,鍾佳地,花蓮縣新城鄉花6鄉道971號
1438,Shelly,集禾小農,花蓮縣玉里鎮大橋223-3號
1439,Shelly,橄欖莊園,苗栗縣公館鄉
1440,Shelly,一畝稻田露營區,苗栗縣南庄鄉5鄰64-2號
1441,Shelly,柚香露露野樂地 Yio au Champ,苗栗縣銅鑼鄉1號
1442,Shelly,星樂親子露營,苗栗縣泰安鄉68號
1443,Shelly,南山傳奇露營區(自搭帳.露營車.狩獵帳),苗栗縣南庄鄉大湳聯絡道路二
1444,Shelly,紅毛印象露營窩P1,苗栗縣南庄鄉五鄰66號紅毛館
1445,Shelly,雲霧灣灣,苗栗縣大湖鄉9號
1446,Shelly,一片天露營區(自搭帳.狩獵帳),苗栗縣泰安鄉4鄰69-1號
1447,Shelly,逗點露營區,苗栗縣三灣鄉內灣村龍峎頂5-17號
1448,Shelly,河岸星空 露營地,苗栗縣南庄鄉南江村小東河14鄰8-1號
1449,Shelly,寬闊露營區(狩獵帳),苗栗縣泰安鄉
1450,Shelly,苗栗自由露营區,苗栗縣銅鑼鄉興隆村193號
1451,Shelly,四季非露不可親子露營區,苗栗縣大湖鄉
1452,Shelly,橘舍三食,苗栗縣卓蘭鎮西坪路43-15號
1453,Shelly,請按照此導航路線,苗栗縣泰安鄉
1454,Shelly,南庄麒麟山露營區,苗栗縣南庄鄉小東河11號
1455,Shelly,森日快樂露營區,苗栗縣卓蘭鎮36-29號
1456,Shelly,裕見生活,苗栗縣南庄鄉東江38之12號
1457,Shelly,叢林開始懶人露營區Glamping,苗栗縣頭屋鄉仁隆87號
1458,Shelly,坐忘草堂露營區,苗栗縣銅鑼鄉盛隆5鄰45-20號
1459,Shelly,苗栗泰安目上景露營區,苗栗縣泰安鄉
1460,Shelly,司馬限雲端露營區,苗栗縣泰安鄉司馬限5鄰20號
1461,Shelly,苗栗縣大湖鄉彩雲親子露營區,苗栗縣大湖鄉7號
1462,Shelly,桃樂絲露營區,苗栗縣公館鄉尖山40號
1463,Shelly,川夏野奢露營區,苗栗縣南庄鄉福南17鄰50號
1464,Shelly,苗栗泰安 UP露營區,苗栗縣泰安鄉93之
1465,Shelly,露營區推薦,苗栗縣泰安鄉錦水村圓墩34-1號
1466,Shelly,荒野半島露營區,苗栗縣頭屋鄉仁隆20鄰62號
1467,Shelly,漁光中露營區 Fisher Campground,苗栗縣卓蘭鎮27-2號
1468,Shelly,赫利豐岳露營區,苗栗縣南庄鄉
1469,Shelly,浮岸別境(Buan Byacing.),苗栗縣泰安鄉梅興道路
1470,Shelly,自然圈農場 LoFi Land,苗栗縣卓蘭鎮西坪36-20號
1471,Shelly,巴卡的天空(露營區．鄉村露營車．自搭帳．歐式料理．日式燒肉),苗栗縣南庄鄉30-16號
1472,Shelly,紮營趣,苗栗縣大湖鄉大南村8鄰大南勢34-1號
1473,Shelly,司馬限360度景觀露營區,苗栗縣泰安鄉
1474,Shelly,《綠野雲仙》 露營區,苗栗縣泰安鄉第5鄰高熊卡KaohuingT'Ai-Wan47之18號
1475,Shelly,風露營,苗栗縣泰安鄉馬那邦64號
1476,Shelly,上巴爺爺露營區,苗栗縣泰安鄉橫龍山9鄰44號
1477,Shelly,三號秘境露營區,苗栗縣三灣鄉16-2號
1478,Shelly,微笑山丘露營區,苗栗縣大湖鄉義和村和興22-5號
1479,Shelly,微時光露營園區,苗栗縣頭屋鄉4鄰46-1號
1480,Shelly,古道秘境露營區,苗栗縣泰安鄉UnnamedRoad
1481,Shelly,水玉妮光GC,苗栗縣卓蘭鎮
1482,Shelly,星野天空露營區,苗栗縣泰安鄉小南角3鄰66之1號
1483,Shelly,苗栗卓蘭鎮代觀山湖畔農場露營區,苗栗縣卓蘭鎮景山119-3號
1484,Shelly,武嵐露營區,苗栗縣泰安鄉10鄰橫龍山64之36號
1485,Shelly,苗栗南庄金成露營渡假山莊,苗栗縣南庄鄉東村東江2鄰26號
1486,Shelly,逸視界,苗栗縣泰安鄉3鄰63號
1487,Shelly,放牛吃草露營區,苗栗縣泰安鄉大興村高熊卡4鄰61-8號
1488,Shelly,鹿場青松露營區(本部),苗栗縣南庄鄉鹿場聯絡道路24鄰14-2號
1489,Shelly,瑪那邦之星,苗栗縣大湖鄉
1490,Shelly,亞哇斯露營區,苗栗縣泰安鄉八卦村3鄰53號
1491,Shelly,拍片場露營地,苗栗縣公館鄉開礦2626號
1492,Shelly,Coffee Industry,苗栗縣大湖鄉竹橋20號1F
1493,Shelly,伊夕尚露營區,苗栗縣泰安鄉
1494,Shelly,帆船村露營區,苗栗縣南庄鄉
1495,Shelly,馬嘟溪營地,苗栗縣泰安鄉清安村洗水坑114之9號
1496,Shelly,南庄慢生活 露營區,苗栗縣南庄鄉4鄰72-3號
1497,Shelly,秘境露營區,苗栗縣南庄鄉
1498,Shelly,夏綠地露營區,苗栗縣大湖鄉
1499,Shelly,寨酌然 野奢庄園 the Forest museum,苗栗縣卓蘭鎮壢西坪43-20號
1500,Shelly,斷橋部落．輕奢露營,苗栗縣三義鄉
1501,Shelly,有鬼露營區,苗栗縣南庄鄉鹿場部落24鄰11號
1502,Shelly,司馬限山嵐露營區,苗栗縣泰安鄉
1503,Shelly,花石間景觀露營區,苗栗縣泰安鄉
1504,Shelly,巧遇露營區,苗栗縣獅潭鄉八角坑34號
1505,Shelly,水云山植物景觀休閒農場,苗栗縣泰安鄉65號高熊卡
1506,Shelly,啊！露吧Camping聖地 (ChinUp Cafe),苗栗縣南庄鄉35號紅毛館
1507,Shelly,17 杉境露營休閒農場,苗栗縣獅潭鄉438-1號
1508,Shelly,自由之丘露營地,苗栗縣三灣鄉龍峎頂6-2號
1509,Shelly,星原谷露營區,苗栗縣南庄鄉南江村里金館8鄰25號
1510,Shelly,天晴野舍露營區,苗栗縣泰安鄉UnnamedRoad
1511,Shelly,苗栗大湖大南之美露營區,苗栗縣大湖鄉57號
1512,Shelly,山居營地,苗栗縣泰安鄉清安村洗水坑大坪部落
1513,Shelly,跳跳城堡,苗栗縣公館鄉福星村福星7鄰227號
1514,Shelly,苗栗筑林居露營區,苗栗縣大湖鄉
1515,Shelly,山峰點伙露營區,苗栗縣通霄鎮2鄰圳頭23之6號
1516,Shelly,老官道休閒農場,苗栗縣364苗栗縣大湖鄉新開村新開5鄰12-1號
1517,Shelly,虹杉露營區,苗栗縣泰安鄉大興村高熊卡4鄰57-5號
1518,Shelly,天狗好地方露營區,苗栗縣泰安鄉4鄰天狗7之6號
1519,Shelly,小岔路露營區,苗栗縣獅潭鄉和興39-1號
1520,Shelly,云仙谷休閒露營區,苗栗縣泰安鄉15號
1521,Shelly,鷂婆山露營區,苗栗縣泰安鄉小南角2鄰6號
1522,Shelly,松山露營區,苗栗縣卓蘭鎮松山農路
1523,Shelly,不遠山莊,苗栗縣三義鄉雙連潭道路9鄰199號
1524,Shelly,遊牧民族露營區,苗栗縣泰安鄉大興村5鄰高熊卡47-6號
1525,Shelly,逸山露營,苗栗縣苑裡鎮22-7號
1526,Shelly,小份美營地,苗栗縣三灣鄉小份美20-1號
1527,Shelly,高熊卡露營區,苗栗縣泰安鄉
1528,Shelly,星空夜語露營地,苗栗縣通霄鎮4鄰42號
1529,Shelly,南庄山河苑露營區,苗栗縣南庄鄉
1530,Shelly,鄉町露營區,苗栗縣三灣鄉大銅鑼圈88號
1531,Shelly,苗栗泰安一線天露營區,苗栗縣泰安鄉苗栗縣泰安鄉中興村中象道路3鄰
1532,Shelly,南灣蹓蹓農埸,苗栗縣泰安鄉
1533,Shelly,苗栗南庄 蘿菈松靜露營區,苗栗縣石壁南庄鄉22號
1534,Shelly,通霄三合院農庒,苗栗縣通霄鎮
1535,Shelly,兩朵雲露營區,苗栗縣卓蘭鎮西坪125之6號
1536,Shelly,撒萬露營區,苗栗縣南庄鄉大㓓14鄰30號
1537,Shelly,東耕露營地,苗栗縣卓蘭鎮西坪里9鄰109-37號
1538,Shelly,藏雲露營一區,苗栗縣泰安鄉
1539,Shelly,333露營區,苗栗縣卓蘭鎮雙連道路33之3號
1540,Shelly,紫逸露營區,苗栗縣泰安鄉麻必皓部落
1541,Shelly,花香果樂露營區,苗栗縣大湖鄉水流東路1之19號
1542,Shelly,水與樹莊園,苗栗縣南庄鄉18鄰9號
1543,Shelly,雲想家露營區,苗栗縣三義鄉36-8號
1544,Shelly,KK露營區,苗栗縣泰安鄉9之16號
1545,Shelly,小白屋農園,苗栗縣卓蘭鎮老庄17鄰147之15號
1546,Shelly,快樂露營區,苗栗縣泰安鄉高熊卡4鄰60號
1547,Shelly,逢雲露營區,苗栗縣泰安鄉2鄰66-25號
1548,Shelly,禾森 Ichigo 露營區,苗栗縣大湖鄉
1549,Shelly,開礦露營區,苗栗縣公館鄉
1550,Shelly,吻吻露營區 Wen Wen Camping Area,苗栗縣南庄鄉
1551,Shelly,逸境生態露營區,雲林縣林內鄉自強路1巷23之8號
1552,Shelly,夢遊仙境露營區,雲林縣古坑鄉文淵路2巷
1553,Shelly,露上樟湖露營區,雲林縣古坑鄉石橋50之5號
1554,Shelly,林家花園休閒露營區,雲林縣林內鄉忠庒18-20號
1555,Shelly,古坑伴山邀休閒農場露營區,雲林縣古坑鄉華南45號
1556,Shelly,佳南美地露營區,雲林縣古坑鄉
1557,Shelly,九九莊園豪華懶人露營,雲林縣斗六市十三南路65-1號
1558,Shelly,十三番生態農場露營區,雲林縣斗六市
1559,Shelly,椬梧滯洪池露營區(Free Campsite),雲林縣口湖鄉
1560,Shelly,石壁休閒農場,雲林縣古坑鄉
1561,Shelly,海口故事館 免費露營 園區,雲林縣口湖鄉海豐路50-12號
1562,Shelly,杉林雲境,南投縣竹山鎮安山路41-1號
1563,Shelly,仙夷農場,雲林縣古坑鄉
1564,Shelly,湖光山舍,雲林縣古坑鄉1-12號
1565,Shelly,楓野民餐,雲林縣古坑鄉號
1566,Shelly,十字關露營區,雲林縣古坑鄉
1567,Shelly,華山童軍營地,雲林縣古坑鄉華山41號
1568,Shelly,騰雲農莊露營區,南投縣國姓鄉長石巷42號
1569,Shelly,山中奇緣明山莊,雲林縣斗六市43號檨林路
1570,Shelly,馬蹄蛤露營場,雲林縣口湖鄉
1571,Shelly,古坑5號莊園,雲林縣古坑鄉號
1572,Shelly,松美莊園,雲林縣大埤鄉
1573,Shelly,仙地露營度假村,雲林縣古坑鄉桃源1之29號
1574,Shelly,雲淡風清營地,南投縣中寮鄉瀧林巷81-8號
1575,Shelly,星夜露營區,雲林縣古坑鄉朝陽路1之310號
1576,Shelly,咖啡鄉 露營區,雲林縣古坑鄉尖山坑路69號
1577,Shelly,深山林內生態農場,南投縣竹山鎮大鞍里頂林路累藤巷6-66號
1578,Shelly,夕霧山莊,雲林縣古坑鄉華南村7之15號
1579,Shelly,山思雲想,南投縣竹山鎮大林巷16-32號
1580,Shelly,大雪山觀山嶺露營區,台中市東勢區東坑路978-7號
1581,Shelly,楓寧翡翠咖啡莊園,雲林縣古坑鄉神木對面
1582,Shelly,仙地咖啡,雲林縣古坑鄉桃源1之31號
1583,Shelly,翠林農場,南投縣魚池鄉投69-3鄉道555號
1584,Shelly,湖山水庫秘境露營區,南投縣竹山鎮鯉行路
1585,Shelly,日出藏雲,南投縣仁愛鄉親和巷42之3附
1586,Shelly,半天岩梅王親子露營區,嘉義縣番路鄉大華公路六段
1587,Shelly,楠林與露,南投縣鹿谷鄉愛鄉路101-17號
1588,Shelly,依星生態農場,南投縣中寮鄉頂坑巷1-1號
1589,Shelly,喜樂福休閒露營區,南投縣國姓鄉北港村長北路95-20號
1590,Shelly,上山樂活露營區,南投縣竹山鎮頂林路461號
1591,Shelly,雲野露營區,南投縣竹山鎮中坑路318號
1592,Shelly,山湖水岸,南投縣竹山鎮頂林路562之5號
1593,Shelly,山林好蒔光露營區,南投縣仁愛鄉高峰巷70附1號
1594,Shelly,國姓露營,南投縣國姓鄉長北路
1595,Shelly,清境愛和華林園,南投縣仁愛鄉榮光巷38附1號
1596,Shelly,廁所,雲林縣西螺鎮建興路358號
1597,Shelly,秋之林自然生態園區,嘉義縣竹崎鄉
1598,Shelly,瑞里幼葉林露營區,嘉義縣梅山鄉幼葉林3鄰69號
1599,Shelly,芳秀露營區,嘉義縣梅山鄉圳北村麻園寮5鄰23-6號
1600,Shelly,賣一天民宿露營區,雲林縣古坑鄉80號
1601,Shelly,露營樂2號店(狩獵帳),高雄市旗津區旗津三路51號
1602,Shelly,內門瑞山樂活田莊露營區,高雄市內門區田子墘2號
1603,Shelly,田子路貳之壹露營區,高雄市內門區
1604,Shelly,那次嵐露營區,高雄市那瑪夏區
1605,Shelly,六龜新發麒麟露營區,高雄市六龜區獅山15之20號
1606,Shelly,桃源溪露營區,高雄市桃源區號
1607,Shelly,彩虹森林快樂農場露營區,高雄市六龜區和平路290號
1608,Shelly,輕風椰林,高雄市六龜區三民路70號
1609,Shelly,六龜快樂熊露營區,高雄市六龜區裕濃路1之7號
1610,Shelly,野獸休閒基地,高雄市六龜區和平路151-16號
1611,Shelly,飄漂生態農場,高雄市美濃區獅山街美濃三聖堂旁73之8號
1612,Shelly,情人谷休閒營地,高雄市茂林區68號
1613,Shelly,美圳露營區,高雄市美濃區中正路二段58巷39號
1614,Shelly,六龜童趣休憩露營區,高雄市六龜區光明巷40號
1615,Shelly,鳳之凰露營區,高雄市桃源區15-12號
1616,Shelly,愛琴海岸海景渡假農場,高雄市彌陀區新庄路1-268號
1617,Shelly,高雄茂林_萬山寨休閒露營區,高雄市茂林區萬山里
1618,Shelly,高雄同學農場,高雄市美濃區吉洋里外六寮500號
1619,Shelly,雅悠露營區,高雄市那瑪夏區平和巷209之10號
1620,Shelly,家營農場露營區,高雄市六龜區裕濃路81巷25-36號
1621,Shelly,貴梅露營區,高雄市那瑪夏區號
1622,Shelly,高雄茂林_春天生態農場,高雄市茂林區萬山里萬山巷38-20號
1623,Shelly,藤枝好望角露營區,高雄市桃源區號
1624,Shelly,露碼LOMAH休閒營區,高雄市桃源區15-9號
1625,Shelly,大樂休閒農場,高雄市大樹區統嶺路62-19號
1626,Shelly,一山沐露營區,高雄市茂林區
1627,Shelly,和風休閒露營區,高雄市桃源區南橫公路三段300號
1628,Shelly,萬山仙境露營區,高雄市茂林區茂林巷39之66號
1629,Shelly,南屏山露營區,高雄市旗山區中寮二路49之2號
1630,Shelly,遠山望月 花旗木林草坪露營區,高雄市六龜區
1631,Shelly,依山山露營區,高雄市六龜區新開路110號
1632,Shelly,Daluhan 露營,高雄市桃源區
1633,Shelly,豐林農場露營區,高雄市桃源區
1634,Shelly,橙月緣 露營區,高雄市六龜區荖濃溪林道
1635,Shelly,山水炎親子露營區,高雄市六龜區尾庄路55-2號
1636,Shelly,福濃,高雄市六龜區裕濃路81巷12之30號
1637,Shelly,樂暢園,高雄市六龜區復興巷37-21號
1638,Shelly,蕭窯鋕寨,高雄市燕巢區泥火山附近
1639,Shelly,玳菈Daiza,高雄市桃源區建山巷15-10號
1640,Shelly,民權大橋露營區,高雄市那瑪夏區台29線
1641,Shelly,梅山露營區,高雄市桃源區南部橫貫公路
1642,Shelly,麥的莊園露營區,高雄市那瑪夏區
1643,Shelly,嘻嘎嘎休閒露營,高雄市那瑪夏區平和巷126號
1644,Shelly,麗湖探索教育園區,高雄市旗山區旗亭巷500弄99號
1645,Shelly,露舍營家入口,高雄市內門區華園3912號
1646,Shelly,拉比尼亞露營山莊,高雄市那瑪夏區平和巷209之1號
1647,Shelly,草地人溫泉露營區,高雄市六龜區
1648,Shelly,大樹忘憂園,高雄市大樹區三和路
1649,Shelly,迪哈您露營區,高雄市桃源區寶山巷98-3號
1650,Shelly,渡露灣的家,高雄市茂林區
1651,Shelly,高雄茂林達魯瑪娜露營區,高雄市六龜區獅山15之20號
1652,Shelly,烏啦露營區,高雄市茂林區茂林巷15之65號
1653,Shelly,山水炎民宿露營區,高雄市六龜區尾庒路55-2號
1654,Shelly,集頂山莊園咖啡,高雄市桃源區寶山巷101號
1655,Shelly,烏巴克藝術空間,高雄市茂林區茂林巷116號
1656,Shelly,內門小田園露營區,高雄市內門區
1657,Shelly,東長老露營區,高雄市內門區內興集貨場號
1658,Shelly,文家果園,高雄市桃源區寶山里
1659,Shelly,蝴蝶谷秘境露營區,高雄市那瑪夏區
1660,Shelly,代天宮露營區,高雄市彌陀區
1661,Shelly,隱君子的撒野,高雄市岡山區三和里菜寮路2-26號
1662,Shelly,土由上園,高雄市大樹區和山路40號
1663,Shelly,陳家茶園露營區,高雄市那瑪夏區青山巷40號
1664,Shelly,小長城露營區,高雄市茂林區縣10公里處
1665,Shelly,牛食坑生態露營區,高雄市大社區食坑巷19-8號
1666,Shelly,瑞山樂活田莊民宿區,高雄市內門區
1667,Shelly,太陽回首的地方,高雄市桃源區寶山巷9-9號
1668,Shelly,挪亞方舟露營區,高雄市六龜區和平路130之5號
1669,Shelly,春日露營,高雄市六龜區三民路103-16號
1670,Shelly,美濃熊咖啡農場,高雄市美濃區成功路460巷1號
1671,Shelly,雄工濕地,高雄市三民區建工路419號
1672,Shelly,紅橋露營區,高雄市桃源區梅山巷18號
1673,Shelly,東九道露營區,高雄市旗山區南寮巷2-18號
1674,Shelly,野營點無水，林相美可遮陽,高雄市內門區
1675,Shelly,藤枝製茶露營區,高雄市桃源區寶山巷98之10號
1676,Shelly,大寮山,高雄市杉林區
1677,Shelly,烏材林覓境營地,高雄市仁武區林森巷105號
1678,Shelly,勤和休閒營區,高雄市桃源區南橫公路三段201-5號
1679,YH,文山農場,新北市新店區湖子內路100號
1680,YH,甜蜜點休閒莊園Sweet Spot Village,新北市淡水區奎柔山路189號
1681,YH,頭目山水,新北市烏來區福山里3鄰卡拉模基21號
1682,YH,拉拉山 微風山崚,桃園市復興區
1683,YH,比亞山露營區,桃園市復興區澤仁里3鄰37之12號
1684,YH,達拉蓋,桃園市復興區霞雲里11鄰庫志35之15號
1685,YH,拉拉山 塔曼之光露營區,桃園市復興區華陵里中心路315號
1686,YH,拉拉山 雲河露營農場,桃園市復興區華陵里上巴陵中心路
1687,YH,拉拉山 長榮露營區,桃園市復興區華陵里中心路138-2號
1688,YH,拉拉山 夢想家園露營區,桃園市復興區華陵里9鄰巴崚85號
1689,YH,拉拉山 遠見之星露營區,桃園市復興區中心路86巷28號
1690,YH,拉拉山 木村的家露營區,桃園市復興區華陵里9鄰66-1號
1691,YH,拉拉山 雅比斯露營區,桃園市復興區華陵里上巴陵9鄰69號
1692,YH,拉拉山 比該溪生態露營區,桃園市復興區華陵里9鄰89-1號
1693,YH,卡普休閒農莊,桃園市復興區義盛里5鄰23號
1694,YH,八度野溪,桃園市復興區羅馬路三段238號
1695,YH,八度野溪,桃園市復興區羅馬路三段238號
1696,YH,美腿山親子露營區,桃園市復興區長興里11鄰75號
1697,YH,石秀灣五葉松露營區,桃園市復興區羅馬路五段330號
1698,YH,沒搞頭露營區,桃園市復興區霞雲里庫志35之20號
1699,YH,拉拉山 微笑草地,桃園市復興區華陵里11鄰中心路156-17號
1700,YH,馬灣露營區,桃園市復興區霞雲里10鄰24號
1701,YH,拉拉山 天恩農場,桃園市復興區神木路193-2號
1702,YH,貳柒珈琲露營區,桃園市復興區羅浮里7鄰高坡30-3號
1703,YH,融奎霖休閒露營區,桃園市復興區霞雲里庫志9鄰13號
1704,YH,泰雅秘境露營區,桃園市復興區奎輝里2鄰下奎輝2號
1705,YH,可飛鹿營區,桃園縣復興區奎輝2鄰12號
1706,YH,八度野溪,桃園市復興區羅馬路三段238號
1707,YH,塔木休閒露營區,桃園市復興區10鄰29之5號
1708,YH,馬莎度露營區,桃園市復興區霞雲里7鄰2-3號
1709,YH,逍遙遊秘境露營區,桃園市復興區霞雲里5鄰佳志19-6號
1710,YH,溫度露營區,桃園市復興區霞雲里庫志9鄰12號
1711,YH,歡樂谷露營區,桃園市復興區霞雲里流霞路86號
1712,YH,那山達雅賀,桃園市復興區霞雲里2鄰志繼9之6號
1713,YH,水樂活親子農場,桃園市中壢區福達路二段628號
1714,YH,好馨勤齊露營區,桃園市復興區澤仁里溪口台59-1號
1715,YH,福田美地,桃園市復興區霞雲里庫志11鄰24號
1716,YH,達彥休閒露營區,桃園市復興區霞雲里庫志32號
1717,YH,亞霧香草營區,桃園市復興區
1718,YH,谷力農場,桃園市復興區義盛里10鄰義興29號
1719,YH,布納星空露營區,桃園市復興區義盛里5鄰卡普25之6號
1720,YH,尤命築園露營區,新竹縣尖石鄉新樂村煤源8鄰41號
1721,YH,挪亞星舟露營農莊,新竹縣新埔鎮鹿鳴里4鄰黃梨園28-15號
1722,YH,空軍一號,新竹縣五峰鄉花園村天湖219-17號
1723,YH,雷沙達岜斯,新竹縣尖石鄉義興村6鄰馬胎4號
1724,YH,綠宥子甜柿果園露營區,新竹縣尖石鄉新樂村煤源10鄰65-3號
1725,YH,輪園秘境,新竹縣五峰鄉花園村天湖219-1號
1726,YH,大象露營地,新竹縣關西鎮仁安里拱子溝九鄰26號
1727,YH,蘇珊藏美露營農場,新竹縣五峰鄉桃山村清泉17鄰296-28號
1728,YH,高台山露營區,新竹縣尖石鄉錦屏村7鄰那羅26號
1729,YH,小尖石露營區,新竹縣尖石鄉新樂村拉號
1730,YH,梅花天湖農園,新竹縣尖石鄉梅花村8鄰227號
1731,YH,梅花山莊,新竹縣尖石鄉梅花村6鄰148號
1732,YH,喜嵐田園露營區,新竹縣尖石鄉錦屏村那羅12鄰205之1號
1733,YH,馬美欣欣營地,新竹縣尖石鄉玉峰村馬美8鄰29-1號
1734,YH,楠桂坊露營區,新竹縣五峰鄉竹林村和平154-1號
1735,YH,KT露營區,新竹縣五峰鄉花園村8鄰168-1號
1736,YH,馬月台露營區,新竹縣尖石鄉義興村7鄰馬胎21-6號
1737,YH,臻美營地,新竹縣尖石鄉新樂村煤源段8鄰36-2號
1738,YH,馬胎仙境,新竹縣尖石鄉義興村馬胎108-2號
1739,YH,怡然自德,新竹縣尖石鄉梅花村
1740,YH,月伴灣露營區,新竹縣尖石鄉錦屏村10鄰那羅116-1號
1741,YH,熊麻吉親子露營區,新竹縣尖石鄉錦屏村那羅209號
1742,YH,溪遊記露營區,新竹尖石
1743,YH,印象尖石露營區,新竹縣尖石鄉新樂村
1744,YH,露營樂3號店,新竹縣尖石鄉新樂村
1745,YH,愛上天湖,新竹縣五峰鄉花園村9鄰196-2號
1746,YH,星院露營區,新竹縣北埔鄉大湖村
1747,YH,景色天地露營區,新竹尖石
1748,YH,尤瑪山莊,新竹縣五峰鄉大隘村23鄰471號
1749,YH,玉峰 泰里埔露營區,新竹縣尖石鄉玉峰村3鄰24號
1750,YH,明園星空營地,新竹新埔
1751,YH,愛上天湖,新竹縣五峰鄉花園村9鄰196-2號
1752,YH,觀雲露營區,新竹縣五峰鄉大隘村23鄰461-2號
1753,YH,玉峰 遇見嵨繞,新竹縣尖石鄉玉峰村宇老1鄰9號
1754,YH,高台山,新竹縣尖石鄉錦屏村7鄰那羅26號
1755,YH,玉峰 星光閃閃露營區,新竹縣尖石鄉玉峰村
1756,YH,臻美營地,新竹縣尖石鄉新樂村煤源段8鄰52之10號
1757,YH,司馬庫斯 達宴露營區,新竹縣尖石鄉
1758,YH,烏米的家露營區,新竹縣尖石鄉錦屏村9鄰那羅80-2號
1759,YH,如果露營區,新竹縣尖石鄉嘉樂村7鄰嘉樂61號
1760,YH,玉峰 光漫營地,新竹縣尖石鄉玉峰村12鄰抬耀22之10號
1761,YH,露營盒子,新竹縣峨眉鄉石井村
1762,YH,自然野趣,新竹縣尖石鄉新樂村
1763,YH,觀星賞月營地,新竹縣尖石鄉義興村馬胎部落168-5號
1764,YH,梅后蔓露營區,新竹縣五峰鄉花園村
1765,YH,那羅的家親子露營區,新竹縣尖石鄉錦屏村12鄰那羅205之5號
1766,YH,天湖秘境露營區,新竹縣五峰鄉花園村天湖196-9號
1767,YH,野薑花露營區［全家超商野薑花店相關事業］,新竹縣尖石鄉錦屏村
1768,YH,樓蜜香菇農場,新竹縣尖石鄉那羅205之7號
1769,YH,喜來登露營區,新竹縣五峰鄉大隘村4鄰51-11號
1770,YH,夢田,新竹縣尖石鄉嘉樂村5鄰270-5號
1771,YH,漫步天湖,新竹縣五峰鄉花園村10鄰219之31號
1772,YH,遊橘露營區,新竹縣橫山鄉福興村
1773,YH,馬瀨營地,新縣縣五峰鄉花園村
1774,YH,馬胎仙境,新竹縣尖石鄉義興村馬胎108-2號
1775,YH,歐莎露營區,新竹縣尖石鄉錦屏村2鄰比麟46-2號
1776,YH,福興小農庄,新竹縣橫山鄉福興村八十分104號
1777,YH,晴空森林露營區,新竹縣尖石鄉那羅村
1778,YH,梅花梯田免裝備露營區,新竹縣尖石鄉梅花村3鄰梅花79之3號
1779,YH,參陳山內灣旅店營地,新竹縣尖石鄉義興村馬胎53號
1780,YH,漫步天湖,新竹縣五峰鄉花園村10鄰219之31號
1781,YH,戀戀天湖,新竹縣五峰鄉花園村天湖219-15號
1782,YH,自然野趣,新竹縣尖石鄉新樂村
1783,YH,馬胎227露營區,新竹縣尖石鄉義興村七鄰22-7號
1784,YH,林泉休閒露營區,苗栗縣南庄鄉南江村17鄰福南30號
1785,YH,清景農場,苗栗縣南庒鄉篷萊村紅毛館2鄰30號
1786,YH,南庄慢生活露營區,苗栗縣南庄鄉田美村4鄰72-6號
1787,YH,天藍露營區,苗栗縣大湖鄉武榮村4鄰23-10號
1788,YH,馬嘟溪露營基地,苗栗縣泰安鄉清安村洗水坑114-8號
1789,YH,四季非露不可,苗栗縣大湖鄉武榮村坑美寮17之10號
1790,YH,四季非露不可,苗栗縣大湖鄉武榮村坑美寮17之10號
1791,YH,逸香園農場,苗栗縣卓蘭鎮坪林里坪林8鄰87號
1792,YH,一片天,苗栗縣泰安鄉八卦村4鄰69-1號
1793,YH,紅毛印象露營窩,苗栗市苗栗縣南庄鄉蓬萊村紅毛館五鄰66號
1794,YH,UP露營區,苗栗縣泰安鄉清安村
1795,YH,藍天嶺露營區,苗栗縣泰安鄉大興村5鄰45號
1796,YH,景庭露營區,苗栗縣三義鄉双潭村崩山下16鄰88號
1797,YH,春友彩虹民宿 餐廳 露營,苗栗縣南庄鄉東村南庄17鄰111號
1798,YH,頤生園,苗栗縣卓蘭鎮坪林里坪林99-9號
1799,YH,達喇改露營區,苗栗縣南庄鄉東河村
1800,YH,南庄麒麟山露營區,苗栗縣南庄鄉南江村小東河11號
1801,YH,南山傳奇,苗栗縣南庄鄉大湳連絡道路
1802,YH,溫馨休閒農場,苗栗縣三義鄉雙潭村16鄰崩山下38號
1803,YH,一片天,苗栗縣泰安鄉八卦村4鄰69-1號
1804,YH,橄欖莊園,苗栗縣公館鄉
1805,YH,長青露營區,苗栗縣南庄鄉南江村福南23鄰25-1號
1806,YH,夢之谷露營區,苗栗大湖
1807,YH,瑪都安露營區,苗栗縣泰安鄉清安村洗水坑118號
1808,YH,自由露營區,苗栗縣銅鑼鄉興隆村193號
1809,YH,裕見生活,苗栗縣南庄鄉南江村3鄰東江38之12號
1810,YH,杜石地一號,苗栗縣苗栗市新英里1鄰新英9之1號
1811,YH,上長崎露營區,苗栗縣南庄鄉南江村
1812,YH,鄉町露營區,苗栗縣三灣鄉大銅鑼圈88號
1813,YH,福人居露營區,苗栗縣大湖鄉大南勢32-1號
1814,YH,南窩綠丘,苗栗縣通霄鎮5鄰城南66-5號
1815,YH,寬闊露營區,苗栗縣泰安鄉梅園部落梅園段1171地號
1816,YH,向天湖露營區,苗栗縣南庄鄉東河村向天湖17鄰18號
1817,YH,有鬼露營區,苗栗縣南庄鄉東河村鹿場部落24鄰13-5號
1818,YH,南山傳奇,苗栗縣南庄鄉大湳連絡道路
1819,YH,朵悠露營區,苗栗泰安
1820,YH,五福山莊,苗栗縣三義鄉龍騰村草排12鄰40號
1821,YH,星樂親子露營,苗栗縣泰安鄉八卦村4鄰68號
1822,YH,坐忘草堂露營區,苗栗縣銅鑼鄉盛隆村盛隆5鄰45-20號
1823,YH,啊露吧Camping聖地,苗栗縣南庄鄉蓬萊村2鄰紅毛館35號
1824,YH,黃金好望角露營區,苗栗縣後龍鎮福寧里頭湖6-2號
1825,YH,石門客棧休閒農場露營區,苗栗縣大湖鄉栗林村竹橋20號
1826,YH,吉娃斯景觀咖啡露營區,台中市和平區達觀里東崎路一段桃山巷1號
1827,YH,德芙蘭農場,台中市和平區東關路一段359號
1828,YH,天冷吹雲,台中市新社區福興里美林72-2號
1829,YH,摩天嶺楊園露營區,台中市和平區達觀里東崎路一段天嶺巷30之3號
1830,YH,九甲林,台中市石岡區萬仙街岡仙巷7-1號
1831,YH,九甲林,台中市石岡區萬仙街岡仙巷7-1號
1832,YH,星空yay語露營區,台中市新社區永豐45-1號
1833,YH,清境小瑞士花園,南投縣仁愛鄉定遠新村28號
1834,YH,小野柳滑草場露營區,南投縣國姓鄉乾溝村中西巷6-2號
1835,YH,牛母坪露營區,南投縣竹山鎮鯉魚里鯉行路134號
1836,YH,畫眉園露營區,南投縣仁愛鄉新生村山林巷10號
1837,YH,點將家免裝備露營生態園區,南投國姓
1838,YH,龍泉營地,南投縣埔里鎮武界路28之10號
1839,YH,樂活森林,南投縣埔里鎮桃米路55-1號
1840,YH,雙龍景觀露營區,南投縣信義鄉雙龍村光復巷9-2號
1841,YH,樂活森林,南投縣埔里鎮桃米路55-1號
1842,YH,成功秘境露營場,南投縣埔里鎮成功里種瓜路120-8號
1843,YH,水中月民宿露營渡假村,南投縣國姓鄉北港村長北路117號-1號
1844,YH,日月潭 九蛙秘境露營王國,南投縣魚池鄉中山路510巷9號
1845,YH,地球村休閒農場,南投縣國姓鄉北港村長北路128號
1846,YH,月夢田露營區,南投縣仁愛鄉新生村山林巷6-2號
1847,YH,涵香小屋露營驛站,南投縣魚池鄉共和村五馬巷2之6號
1848,YH,鶴里翁露營區,南投縣中寮鄉龍南路龍岩村151號
1849,YH,桃米山生態休閒農業,南投縣埔里鎮種瓜路52-2號
1850,YH,湯尼瑪麗露營區,南投縣埔里鎮種瓜路33之7號
1851,YH,露營樂6號店,南投縣中寮鄉復興巷31-12號
1852,YH,依星生態農場,南投縣中寮鄉清水村頂坑巷1-1號
1853,YH,1-2號營地,南投縣魚池鄉文武巷1-2號
1854,YH,長壽天然農場,南投縣中寮鄉和興村永樂路
1855,YH,溪泮別館,南投縣魚池鄉五馬巷2-6號
1856,YH,ToMe 桃米生態露營區,南投縣埔里鎮桃米里種瓜路66-1號
1857,YH,言葉之庭,南投縣中寮鄉和興村永樂路134之2號
1858,YH,三生園生態露營區,南投縣鹿谷鄉內湖村民生巷8-1號
1859,YH,愛心露營地,南投縣魚池鄉新城村通文巷4-11號
1860,YH,暮雲春樹,南投縣埔里鎮桃米里10鄰種瓜路33之3號
1861,YH,念念小憩,南投縣魚池鄉長寮段
1862,YH,魚宙露營區,南投縣魚池鄉福興巷20-16號
1863,YH,深山林內生態農場,南投縣竹山鎮大鞍里頂林路累藤巷6-66號
1864,YH,農家樂露營區,南投縣埔里鎮麒麟里武界路35-3號
1865,YH,星願村露營區,南投縣仁愛鄉明月巷95之1附1號
1866,YH,樹不老露營區,南投縣仁愛鄉新生村山林巷46-2號
1867,YH,LOLO農場-休閒露營園區,南投縣埔里鎮眉原路1-4號
1868,YH,空若水營地,南投縣魚池鄉東池村文武巷1-33號
1869,YH,上野左岸生態露營區,南投縣國姓鄉
1870,YH,溪泮小屋,南投縣魚池鄉五馬巷2-2號
1871,YH,樸溯生活露營原區,南投縣仁愛鄉互助村清風路73號
1872,YH,九九莊園休閒農場,雲林縣斗六市十三南路65-1號
1873,YH,逸境生態露營區,雲林縣林內鄉自強路1巷23號
1874,YH,十字關奢華在地露營區,雲林縣古坑鄉
1875,YH,花田小露,嘉義縣番路鄉觸口村觸口村埔尾2號
1876,YH,鹿過好美露營區,嘉義縣阿里山鄉樂野村138號
1877,YH,拉拉克斯莊園,嘉義縣阿里山鄉段40號
1878,YH,草地狀元露營區,嘉義縣番路鄉大湖村2鄰17附1號
1879,YH,淺山尋露,嘉義縣番路鄉公興村中寮3鄰5-10號
1880,YH,天一露營區,嘉義縣竹崎鄉光華村11鄰茄苳仔29號
1881,YH,岩仔腳,嘉義縣番路鄉民和村
1882,YH,達明休憩農場,嘉義縣阿里山鄉達邦村189-1號
1883,YH,琢英露營場,嘉義縣梅山鄉太興村橫山6號
1884,YH,羅老爸的家,嘉義縣阿里山鄉樂野村4鄰134號
1885,YH,星知心露營區,嘉義縣番路鄉公田村破布湖5號
1886,YH,阿里山螢火蟲,嘉義縣竹崎鄉光華村一鄰9號
1887,YH,阿里山 龍頂山,嘉義縣番路鄉公田村8鄰3號
1888,YH,岩仔腳,嘉義縣番路鄉民和村
1889,YH,倉伯露營區,嘉義縣阿里山鄉樂野村四鄰129-11號
1890,YH,景山露營區,嘉義縣竹崎鄉光華村2鄰23號
1891,YH,高美休閒營區,嘉義縣阿里山鄉樂野第一鄰16附3號
1892,YH,阿里山 龍頂山,嘉義縣番路鄉公田村8鄰3號
1893,YH,有夠遠露營區,嘉義縣阿里山鄉里佳村38號
1894,YH,來灣哈露營區,嘉義縣阿里山郷樂野村4鄰125號-1號
1895,YH,禾田農莊,嘉義縣阿里山鄉樂野村2鄰82號
1896,YH,受不寮露營區,嘉義縣阿里山鄉達邦村
1897,YH,好柿抵嘉農場,嘉義縣番路鄉埔尾52-3號
1898,YH,仙腳趾景觀露營區,嘉義縣竹崎鄉白杞村樟樹坪41號
1899,YH,晨光,嘉義縣阿里山鄉樂野村2鄰86號
1900,YH,瓜地亞那Gwaliana,嘉義縣阿里山鄉達邦橋村5鄰103號
1901,YH,天長地久露營區,嘉義縣番路鄉觸口村埔尾52-3號
1902,YH,太和觀光果園露營區,嘉義縣梅山鄉太和村樟樹湖17號
1903,YH,露營樂9號店,嘉義縣番路鄉大湖村
1904,YH,荒郊野外露營區,嘉義縣阿里山鄉
1905,YH,鷺野之家,嘉義縣梅山鄉太興村溪頭10-2號
1906,YH,星晴朗露營區,嘉義縣番路鄉觸口村埔尾42號
1907,YH,塘湖古道露營農場,嘉義縣竹崎鄉福建坪12-2號
1908,YH,露營樂1號店,台南市左鎮區光和65-5號
1909,YH,梅嶺露營區,台南市楠西區
1910,YH,那次嵐露營區,高雄市那瑪夏區瑪雅里99號
1911,YH,芳晨溫泉渡假村,高雄市六龜區寶來村中正路132號
1912,YH,荖濃有機農場露營區,高雄市六龜區荖濃里裕濃路81巷18號
1913,YH,雅悠露營區,高雄市那瑪夏區瑪雅里6鄰平和巷209-10號
1914,YH,泗高露棧,高雄市六龜區和平路130-38號
1915,YH,幸福城景觀露營區,宜蘭大同
1916,YH,天際線茶園營地,宜蘭縣大同鄉泰雅路
1917,YH,BulaBula.KC 布拉布拉露營區,宜蘭縣南澳鄉東岳村73巷3號
1918,YH,淺山休閒露營區,宜蘭縣大同鄉寒溪村古魯巷1-17號
1919,YH,武林秘密基地,宜蘭縣大同鄉寒溪村華興巷42號
1920,YH,斯揚莫那休閒莊園,宜蘭縣大同鄉泰雅路六段8號
1921,YH,哇吉散悠遊樂園露營區,宜蘭縣大同鄉復興村泰雅一路牛鬥巷81-1號
1922,YH,星霧宿露營區,宜蘭縣大同鄉復興村泰雅一路牛鬥巷81-7號
1923,YH,圓頂360,宜蘭縣大同鄉泰雅路一段88巷99號之19號
1924,YH,天梯露營區,宜蘭縣大同鄉泰雅路一段88巷66號
1925,YH,夏諾營露營區,宜蘭縣大同鄉松羅村泰雅路二段33巷31之7號
1926,YH,雲端紅土咖啡露營區,宜蘭縣大同鄉崙埤村5鄰朝陽3-1號
1927,YH,露營樂7號店,宜蘭縣大同鄉泰雅路一段88巷99號之19號
1928,YH,宇世格爵露營區,宜蘭縣大同鄉樂水村碼崙路90巷16號
1929,YH,五葉松林休閒露營區,宜蘭縣大同鄉泰雅路二段33巷31之1號
1930,YH,老柯野外探險營地,宜蘭縣南澳鄉金洋村博愛路18-1號
1931,YH,太平山森活趣渡假農場,宜蘭縣大同鄉四季村泰雅路六段二巷6-3號
1932,YH,山谷樂生態露營園區,宜蘭縣冬山鄉中山村中山路802號
1933,YH,瀧雲山莊露營區,宜蘭縣南澳鄉武塔村橫山路13-7號
1934,YH,哇芭來露營區,宜蘭縣大同鄉泰雅一路牛鬥巷69之15號
1935,YH,秘密基地露營區,宜蘭縣大同鄉泰雅路二段88巷211-9號
1936,YH,原最露營區,宜蘭縣大同鄉松羅村泰雅路二段46巷
1937,YH,幸福瑪崙露營區,宜蘭縣大同鄉樂水村樂水路20巷150-1號
1938,YH,綠點集禾館,花蓮縣玉里鎮觀音里高寮223-3號
1939,YH,森林露營區,花蓮縣玉里鎮大禹里酸柑51號
1940,YH,花蓮海洋露營區,花蓮縣壽豐鄉大橋30之6號
1941,YH,悠悠太魯閣露營區,花蓮縣秀林鄉民治132-11號
1942,YH,Ocean Chill 海憩露營區,花蓮縣新城鄉順安村
1943,YH,初鹿椰子林,台東縣卑南鄉明峰村
1944,YH,一零八零1080,台東延平
